seed,question_ids,column,billed_usd,calls
1,test.0001,Formulas,0.00406288,6
1,test.0002,Formulas,0.00561324,6
1,test.0003,Formulas,0.00542584,6
1,test.0004,Formulas,0.0032326,6
1,test.0005,Formulas,0.00465528,6
1,test.0006,Formulas,0.00617008,6
1,test.0007,Formulas,0.00399786,6
1,test.0008,Formulas,0.00498478,6
1,test.0009,Formulas,0.00480284,6
1,test.0010,Formulas,0.0056095,6
1,test.0011,Formulas,0.00503254,6
1,test.0012,Formulas,0.00448652,6
1,test.0013,Formulas,0.00262988,6
1,test.0014,Formulas,0.00379454,6
1,test.0015,Formulas,0.00425314,6
1,test.0016,Formulas,0.00473488,6
1,test.0017,Formulas,0.00331884,6
1,test.0018,Formulas,0.00485646,6
1,test.0019,Formulas,0.0047344,6
1,test.0020,Formulas,0.00366108,6
1,test.0021,Formulas,0.00442116,6
1,test.0022,Formulas,0.0051092,6
1,test.0023,Formulas,0.0037486,6
1,test.0024,Formulas,0.0043173,6
1,test.0025,Formulas,0.0031969,6
1,test.0026,Formulas,0.00444154,6
1,test.0027,Formulas,0.00454364,6
1,test.0028,Formulas,0.00413482,6
1,test.0029,Formulas,0.00374678,6
1,test.0030,Formulas,0.00496834,6
1,test.0031,Formulas,0.00521944,6
1,test.0032,Formulas,0.00449392,6
1,test.0033,Formulas,0.00441004,6
1,test.0034,Formulas,0.00295494,6
1,test.0035,Formulas,0.00367046,6
1,test.0036,Formulas,0.00492776,6
1,test.0037,Formulas,0.00418698,6
1,test.0038,Formulas,0.00464224,6
1,test.0039,Formulas,0.00573908,6
1,test.0040,Formulas,0.00560108,6
1,test.0041,Rules,0.00350968,6
1,test.0042,Rules,0.00225756,6
1,test.0043,Rules,0.00386812,6
1,test.0044,Rules,0.00351912,6
1,test.0045,Rules,0.00268804,6
1,test.0046,Rules,0.00231294,6
1,test.0047,Rules,0.00384196,6
1,test.0048,Rules,0.00377968,6
1,test.0049,Rules,0.0047928,6
1,test.0050,Rules,0.00323032,6
1,test.0051,Rules,0.00494004,6
1,test.0052,Rules,0.00426838,6
1,test.0053,Rules,0.00312868,6
1,test.0054,Rules,0.0026451,6
1,test.0055,Rules,0.00390632,6
1,test.0056,Rules,0.00349128,6
1,test.0057,Rules,0.00324752,6
1,test.0058,Rules,0.00454948,6
1,test.0059,Rules,0.00286208,6
1,test.0060,Rules,0.00280672,6
1,test.0061,Formulas,0.00224202,6
1,test.0062,Formulas,0.0014654,6
1,test.0063,Formulas,0.00268264,6
1,test.0064,Formulas,0.00215298,6
1,test.0065,Formulas,0.00287994,6
1,test.0066,Formulas,0.00160066,6
1,test.0067,Formulas,0.00163338,6
1,test.0068,Formulas,0.00206648,6
1,test.0069,Formulas,0.00185324,6
1,test.0070,Formulas,0.0015062,6
1,test.0071,Formulas,0.0014932,6
1,test.0072,Formulas,0.00260826,6
1,test.0073,Formulas,0.00198736,6
1,test.0074,Formulas,0.0013964,6
1,test.0075,Formulas,0.00201842,6
1,test.0076,Formulas,0.00188514,6
1,test.0077,Formulas,0.00238874,6
1,test.0078,Formulas,0.00361766,6
1,test.0079,Formulas,0.00173116,6
1,test.0080,Formulas,0.0033664,6
1,test.0081,Formulas,0.00194392,6
1,test.0082,Formulas,0.00503272,6
1,test.0083,Formulas,0.0020456,6
1,test.0084,Formulas,0.00263868,6
1,test.0085,Formulas,0.0020275,6
1,test.0086,Formulas,0.002399,6
1,test.0087,Formulas,0.00218368,6
1,test.0088,Formulas,0.00299532,6
1,test.0089,Formulas,0.0020134,6
1,test.0090,Formulas,0.00235902,6
1,test.0091,Formulas,0.00241812,6
1,test.0092,Formulas,0.0032683,6
1,test.0093,Formulas,0.00454936,6
1,test.0094,Formulas,0.00163308,6
1,test.0095,Formulas,0.00235104,6
1,test.0096,Formulas,0.00241992,6
1,test.0097,Formulas,0.0019496,6
1,test.0098,Formulas,0.00249328,6
1,test.0099,Formulas,0.00174786,6
1,test.0100,Formulas,0.00281572,6
1,test.0101,Formulas,0.00213848,6
1,test.0102,Formulas,0.00261006,6
1,test.0103,Formulas,0.00282886,6
1,test.0104,Formulas,0.0033002,6
1,test.0105,Formulas,0.00320488,6
1,test.0106,Formulas,0.0024134,6
1,test.0107,Formulas,0.0023441,6
1,test.0108,Formulas,0.00442378,6
1,test.0109,Formulas,0.00264746,6
1,test.0110,Formulas,0.00262146,6
1,test.0111,Formulas,0.00387192,6
1,test.0112,Formulas,0.00324124,6
1,test.0113,Formulas,0.0032842,6
1,test.0114,Formulas,0.00325282,6
1,test.0115,Formulas,0.00277786,6
1,test.0116,Formulas,0.0027582,6
1,test.0117,Formulas,0.00340752,6
1,test.0118,Formulas,0.00314104,6
1,test.0119,Formulas,0.002396,6
1,test.0120,Formulas,0.00417156,6
1,test.0121,Rules,0.00466108,6
1,test.0122,Rules,0.00445154,6
1,test.0123,Rules,0.00500832,6
1,test.0124,Rules,0.00452288,6
1,test.0125,Rules,0.00442536,6
1,test.0126,Rules,0.0043457,6
1,test.0127,Rules,0.0039971,6
1,test.0128,Rules,0.00406412,6
1,test.0129,Rules,0.00297766,6
1,test.0130,Rules,0.00450588,6
1,test.0131,Rules,0.00367404,6
1,test.0132,Rules,0.00333726,6
1,test.0133,Rules,0.00310324,6
1,test.0134,Rules,0.00366716,6
1,test.0135,Rules,0.00376206,6
1,test.0136,Rules,0.00403008,6
1,test.0137,Rules,0.00448852,6
1,test.0138,Rules,0.0038142,6
1,test.0139,Rules,0.00474768,6
1,test.0140,Rules,0.0042187,6
1,test.0141,Formulas,0.00399684,6
1,test.0142,Formulas,0.00476228,6
1,test.0143,Formulas,0.00482532,6
1,test.0144,Formulas,0.0040363,6
1,test.0145,Formulas,0.004676,6
1,test.0146,Formulas,0.00385738,6
1,test.0147,Formulas,0.00335294,6
1,test.0148,Formulas,0.00371278,6
1,test.0149,Formulas,0.00361052,6
1,test.0150,Formulas,0.00391368,6
1,test.0151,Formulas,0.00401688,6
1,test.0152,Formulas,0.00404114,6
1,test.0153,Formulas,0.00273518,6
1,test.0154,Formulas,0.00338856,6
1,test.0155,Formulas,0.00443248,6
1,test.0156,Formulas,0.0025773,6
1,test.0157,Formulas,0.00338544,6
1,test.0158,Formulas,0.0026512,6
1,test.0159,Formulas,0.00360496,6
1,test.0160,Formulas,0.003861,6
1,test.0161,Formulas,0.00327316,6
1,test.0162,Formulas,0.00302238,6
1,test.0163,Formulas,0.00249722,6
1,test.0164,Formulas,0.00346798,6
1,test.0165,Formulas,0.0030446,6
1,test.0166,Formulas,0.00357752,6
1,test.0167,Formulas,0.0018869,6
1,test.0168,Formulas,0.00327528,6
1,test.0169,Formulas,0.0026309,6
1,test.0170,Formulas,0.00348112,6
1,test.0171,Formulas,0.00352586,6
1,test.0172,Formulas,0.00295592,6
1,test.0173,Formulas,0.00285784,6
1,test.0174,Formulas,0.00207974,6
1,test.0175,Formulas,0.00396392,6
1,test.0176,Formulas,0.00293622,6
1,test.0177,Formulas,0.00254422,6
1,test.0178,Formulas,0.00345442,6
1,test.0179,Formulas,0.00219018,6
1,test.0180,Formulas,0.00211272,6
1,test.0181,Formulas,0.00236782,6
1,test.0182,Formulas,0.0017761,6
1,test.0183,Formulas,0.00167078,6
1,test.0184,Formulas,0.00164154,6
1,test.0185,Formulas,0.00167834,6
1,test.0186,Formulas,0.00161334,6
1,test.0187,Formulas,0.00147256,6
1,test.0188,Formulas,0.0018038,6
1,test.0189,Formulas,0.00160046,6
1,test.0190,Formulas,0.00164334,6
1,test.0191,Formulas,0.00203452,6
1,test.0192,Formulas,0.00167968,6
1,test.0193,Formulas,0.00141432,6
1,test.0194,Formulas,0.00154494,6
1,test.0195,Formulas,0.0017555,6
1,test.0196,Formulas,0.0019057,6
1,test.0197,Formulas,0.00162214,6
1,test.0198,Formulas,0.00170834,6
1,test.0199,Formulas,0.00171554,6
1,test.0200,Formulas,0.00185952,6
1,test.0201,Rules,0.0040658,6
1,test.0202,Rules,0.00433916,6
1,test.0203,Rules,0.00437706,6
1,test.0204,Rules,0.0047628,6
1,test.0205,Rules,0.00453462,6
1,test.0206,Rules,0.00428592,6
1,test.0207,Rules,0.00423092,6
1,test.0208,Rules,0.00577686,6
1,test.0209,Rules,0.00528516,6
1,test.0210,Rules,0.00330218,6
1,test.0211,Rules,0.00309104,6
1,test.0212,Rules,0.00363454,6
1,test.0213,Rules,0.00391428,6
1,test.0214,Rules,0.00417922,6
1,test.0215,Rules,0.00481562,6
1,test.0216,Rules,0.00335014,6
1,test.0217;test.0218,Rules,0.00786628,12
1,test.0219,Rules,0.00405134,6
1,test.0220,Rules,0.0035036,6
1,test.0221,Rules,0.00369358,6
1,test.0222,Rules,0.0042323,6
1,test.0223,Rules,0.00434486,6
1,test.0224,Rules,0.005606,6
1,test.0225,Rules,0.00465354,6
1,test.0226,Rules,0.00437794,6
1,test.0227,Rules,0.00385274,6
1,test.0228,Rules,0.00651548,6
1,test.0229,Rules,0.00464056,6
1,test.0230,Rules,0.00400236,6
1,test.0231,Rules,0.00442408,6
1,test.0232,Rules,0.00553286,6
1,test.0233,Rules,0.00396312,6
1,test.0234,Rules,0.0044411,6
1,test.0235,Rules,0.00438466,6
1,test.0236,Rules,0.00421648,6
1,test.0237,Rules,0.00517378,6
1,test.0238,Rules,0.0051411,6
1,test.0239,Rules,0.00548142,6
1,test.0240,Rules,0.00694058,6
1,test.0241,Rules,0.00380904,6
1,test.0242,Rules,0.00514014,6
1,test.0243,Rules,0.00363614,6
1,test.0244,Rules,0.00387708,6
1,test.0245,Rules,0.00464038,6
1,test.0246,Rules,0.0055842,6
1,test.0247,Rules,0.00443288,6
1,test.0248,Rules,0.00473274,6
1,test.0249,Rules,0.00418878,6
1,test.0250,Rules,0.00321552,6
1,test.0251,Rules,0.00416586,6
1,test.0252,Rules,0.0043992,6
1,test.0253,Rules,0.00372626,6
1,test.0254,Rules,0.00394408,6
1,test.0255,Rules,0.00423674,6
1,test.0256,Rules,0.00352848,6
1,test.0257,Rules,0.00467844,6
1,test.0258,Rules,0.0040419,6
1,test.0259,Rules,0.00473192,6
1,test.0260,Rules,0.00432356,6
1,test.0261,Rules,0.00418606,6
1,test.0262,Rules,0.00475178,6
1,test.0263,Rules,0.00413232,6
1,test.0264,Rules,0.00367766,6
1,test.0265,Rules,0.0041547,6
1,test.0266,Rules,0.00322498,6
1,test.0267,Rules,0.0027747,6
1,test.0268,Rules,0.0029375,6
1,test.0269,Rules,0.00280364,6
1,test.0270,Rules,0.0039242,6
1,test.0271,Rules,0.00379184,6
1,test.0272,Rules,0.00408468,6
1,test.0273,Rules,0.00428754,6
1,test.0274,Rules,0.00381874,6
1,test.0275,Rules,0.00195832,6
1,test.0276,Rules,0.00343012,6
1,test.0277,Rules,0.00369176,6
1,test.0278,Rules,0.00430074,6
1,test.0279,Rules,0.0039186,6
1,test.0280,Rules,0.0037829,6
1,test.0281,Formulas,0.00348738,6
1,test.0282,Formulas,0.0032815,6
1,test.0283,Formulas,0.00306286,6
1,test.0284,Formulas,0.00292958,6
1,test.0285,Formulas,0.00229306,6
1,test.0286,Formulas,0.00243558,6
1,test.0287,Formulas,0.00330738,6
1,test.0288,Formulas,0.00300438,6
1,test.0289,Formulas,0.00329598,6
1,test.0290,Formulas,0.0020695,6
1,test.0291,Formulas,0.00263662,6
1,test.0292,Formulas,0.00272672,6
1,test.0293,Formulas,0.00319462,6
1,test.0294,Formulas,0.0029335,6
1,test.0295,Formulas,0.00274798,6
1,test.0296,Formulas,0.00226642,6
1,test.0297,Formulas,0.00340292,6
1,test.0298,Formulas,0.00246584,6
1,test.0299,Formulas,0.00352046,6
1,test.0300,Formulas,0.00461596,6
1,test.0301,Rules,0.0031283,6
1,test.0302,Rules,0.0032915,6
1,test.0303,Rules,0.0029453,6
1,test.0304,Rules,0.0041711,6
1,test.0305,Rules,0.00283588,6
1,test.0306,Rules,0.00210208,6
1,test.0307,Rules,0.00366702,6
1,test.0308,Rules,0.00304576,6
1,test.0309,Rules,0.00326744,6
1,test.0310,Rules,0.0044831,6
1,test.0311,Rules,0.00247022,6
1,test.0312,Rules,0.00262158,6
1,test.0313,Rules,0.0039173,6
1,test.0314,Rules,0.00282082,6
1,test.0315,Rules,0.00425604,6
1,test.0316,Rules,0.00303876,6
1,test.0317,Rules,0.00335124,6
1,test.0318,Rules,0.0030138,6
1,test.0319,Rules,0.00290118,6
1,test.0320,Rules,0.00290022,6
1,test.0321,Formulas,0.00324644,6
1,test.0322,Formulas,0.00321724,6
1,test.0323,Formulas,0.00361508,6
1,test.0324,Formulas,0.00300964,6
1,test.0325,Formulas,0.00272326,6
1,test.0326,Formulas,0.00251406,6
1,test.0327,Formulas,0.00228386,6
1,test.0328,Formulas,0.00338576,6
1,test.0329,Formulas,0.00260452,6
1,test.0330,Formulas,0.00375686,6
1,test.0331,Formulas,0.0024645,6
1,test.0332,Formulas,0.00244752,6
1,test.0333,Formulas,0.00461728,6
1,test.0334,Formulas,0.0026754,6
1,test.0335,Formulas,0.00467938,6
1,test.0336,Formulas,0.0036067,6
1,test.0337,Formulas,0.0031414,6
1,test.0338,Formulas,0.0033877,6
1,test.0339,Formulas,0.00378206,6
1,test.0340,Formulas,0.00295286,6
1,test.0341,Formulas,0.00498004,6
1,test.0342,Formulas,0.00626104,6
1,test.0343,Formulas,0.004279,6
1,test.0344,Formulas,0.00515168,6
1,test.0345,Formulas,0.00566768,6
1,test.0346,Formulas,0.00436876,6
1,test.0347,Formulas,0.00418802,6
1,test.0348,Formulas,0.0047301,6
1,test.0349,Formulas,0.00446384,6
1,test.0350,Formulas,0.00523998,6
1,test.0351,Formulas,0.00435546,6
1,test.0352,Formulas,0.00544676,6
1,test.0353,Formulas,0.00503652,6
1,test.0354,Formulas,0.00391664,6
1,test.0355,Formulas,0.00489804,6
1,test.0356,Formulas,0.00403274,6
1,test.0357,Formulas,0.00447392,6
1,test.0358,Formulas,0.00662104,6
1,test.0359,Formulas,0.00441648,6
1,test.0360,Formulas,0.00424886,6
1,test.0361,Rules,0.0046526,6
1,test.0362,Rules,0.0041218,6
1,test.0363,Rules,0.00426698,6
1,test.0364,Rules,0.00409078,6
1,test.0365,Rules,0.00434376,6
1,test.0366,Rules,0.00424886,6
1,test.0367,Rules,0.00439146,6
1,test.0368,Rules,0.00533784,6
1,test.0369,Rules,0.00500714,6
1,test.0370,Rules,0.00630184,6
1,test.0371,Rules,0.00357158,6
1,test.0372,Rules,0.00573804,6
1,test.0373,Rules,0.00393388,6
1,test.0374,Rules,0.0038345,6
1,test.0375,Rules,0.00544056,6
1,test.0376,Rules,0.00438012,6
1,test.0377,Rules,0.00592048,6
1,test.0378,Rules,0.00557058,6
1,test.0379,Rules,0.00437798,6
1,test.0380,Rules,0.00573044,6
1,test.0381,Formulas,0.00232372,6
1,test.0382,Formulas,0.0032477,6
1,test.0383,Formulas,0.00198734,6
1,test.0384,Formulas,0.00233654,6
1,test.0385,Formulas,0.00266488,6
1,test.0386,Formulas,0.00225448,6
1,test.0387,Formulas,0.0025422,6
1,test.0388,Formulas,0.00294774,6
1,test.0389,Formulas,0.0025252,6
1,test.0390,Formulas,0.00285356,6
1,test.0391,Formulas,0.00297142,6
1,test.0392,Formulas,0.00229552,6
1,test.0393,Formulas,0.0023892,6
1,test.0394,Formulas,0.00241622,6
1,test.0395,Formulas,0.00283232,6
1,test.0396,Formulas,0.00263134,6
1,test.0397,Formulas,0.00327086,6
1,test.0398,Formulas,0.00279032,6
1,test.0399,Formulas,0.00279628,6
1,test.0400,Formulas,0.00267138,6
1,test.0401,Rules,0.00481388,6
1,test.0402,Rules,0.00530004,6
1,test.0403,Rules,0.0037436,6
1,test.0404,Rules,0.00375358,6
1,test.0405,Rules,0.0042308,6
1,test.0406,Rules,0.00485794,6
1,test.0407,Rules,0.00495056,6
1,test.0408,Rules,0.00576156,6
1,test.0409,Rules,0.004263,6
1,test.0410,Rules,0.00390212,6
1,test.0411,Rules,0.00416976,6
1,test.0412,Rules,0.00477668,6
1,test.0413,Rules,0.00434984,6
1,test.0414,Rules,0.00482916,6
1,test.0415,Rules,0.00444914,6
1,test.0416,Rules,0.00475242,6
1,test.0417,Rules,0.0045487,6
1,test.0418,Rules,0.0045484,6
1,test.0419,Rules,0.00461774,6
1,test.0420,Rules,0.00500138,6
1,test.0421,Formulas,0.00331772,6
1,test.0422,Formulas,0.0024955,6
1,test.0423,Formulas,0.00241938,6
1,test.0424,Formulas,0.00347714,6
1,test.0425,Formulas,0.00279228,6
1,test.0426,Formulas,0.00271174,6
1,test.0427,Formulas,0.00297332,6
1,test.0428,Formulas,0.00581754,6
1,test.0429,Formulas,0.0030255,6
1,test.0430,Formulas,0.00235332,6
1,test.0431,Formulas,0.00253172,6
1,test.0432,Formulas,0.00224338,6
1,test.0433,Formulas,0.00361888,6
1,test.0434,Formulas,0.00290236,6
1,test.0435,Formulas,0.00339504,6
1,test.0436,Formulas,0.00340444,6
1,test.0437,Formulas,0.00189292,6
1,test.0438,Formulas,0.00308236,6
1,test.0439,Formulas,0.00279434,6
1,test.0440,Formulas,0.0021667,6
1,test.0441,Formulas,0.00274702,6
1,test.0442,Formulas,0.00246652,6
1,test.0443,Formulas,0.0029492,6
1,test.0444,Formulas,0.0024492,6
1,test.0445,Formulas,0.00217284,6
1,test.0446,Formulas,0.0025815,6
1,test.0447,Formulas,0.00228352,6
1,test.0448,Formulas,0.00230332,6
1,test.0449,Formulas,0.00234972,6
1,test.0450,Formulas,0.00220462,6
1,test.0451,Formulas,0.00251178,6
1,test.0452,Formulas,0.002383,6
1,test.0453,Formulas,0.00309714,6
1,test.0454,Formulas,0.00225022,6
1,test.0455,Formulas,0.0025735,6
1,test.0456,Formulas,0.002398,6
1,test.0457,Formulas,0.00252688,6
1,test.0458,Formulas,0.00263438,6
1,test.0459,Formulas,0.0024165,6
1,test.0460,Formulas,0.00238432,6
1,test.0461,Rules,0.00518992,6
1,test.0462,Rules,0.00384056,6
1,test.0463,Rules,0.0050237,6
1,test.0464,Rules,0.0052386,6
1,test.0465,Rules,0.00421344,6
1,test.0466,Rules,0.00340208,6
1,test.0467,Rules,0.00446468,6
1,test.0468,Rules,0.00480302,6
1,test.0469,Rules,0.00427902,6
1,test.0470,Rules,0.00413282,6
1,test.0471,Rules,0.00465698,6
1,test.0472,Rules,0.00345406,6
1,test.0473,Rules,0.0059365,12
1,test.0474,Rules,0.00432572,6
1,test.0475,Rules,0.00462502,6
1,test.0476,Rules,0.00444618,6
1,test.0477,Rules,0.00347106,6
1,test.0478,Rules,0.0045598,6
1,test.0479,Rules,0.00416212,6
1,test.0480,Rules,0.00366214,6
1,test.0481,Rules,0.00250094,6
1,test.0482,Rules,0.00352652,6
1,test.0483,Rules,0.00286542,6
1,test.0484,Rules,0.00287988,6
1,test.0485,Rules,0.0027387,6
1,test.0486,Rules,0.00339456,6
1,test.0487,Rules,0.00376582,6
1,test.0488,Rules,0.00257574,6
1,test.0489,Rules,0.00292278,6
1,test.0490,Rules,0.00318002,6
1,test.0491,Rules,0.00227144,6
1,test.0492,Rules,0.00277744,6
1,test.0493,Rules,0.00238088,6
1,test.0494,Rules,0.00252126,6
1,test.0495,Rules,0.00329504,6
1,test.0496,Rules,0.0022439,6
1,test.0497,Rules,0.00278224,6
1,test.0498,Rules,0.00286632,6
1,test.0499,Rules,0.00307118,6
1,test.0500,Rules,0.00287582,6
1,test.0501,Formulas,0.0037696,6
1,test.0502,Formulas,0.00554784,6
1,test.0503,Formulas,0.00490478,6
1,test.0504,Formulas,0.00331452,6
1,test.0505,Formulas,0.00511434,6
1,test.0506,Formulas,0.00323878,6
1,test.0507,Formulas,0.00381302,6
1,test.0508,Formulas,0.00380328,6
1,test.0509,Formulas,0.0029599,6
1,test.0510,Formulas,0.0033109,6
1,test.0511,Formulas,0.0034242,6
1,test.0512,Formulas,0.002514,6
1,test.0513,Formulas,0.00391134,6
1,test.0514,Formulas,0.00448462,6
1,test.0515,Formulas,0.00286714,6
1,test.0516,Formulas,0.00406452,6
1,test.0517,Formulas,0.00280166,6
1,test.0518,Formulas,0.00420744,6
1,test.0519,Formulas,0.00461014,6
1,test.0520,Formulas,0.00480934,6
1,test.0521,Formulas,0.00211386,6
1,test.0522,Formulas,0.00239472,6
1,test.0523,Formulas,0.0016525,6
1,test.0524,Formulas,0.00167594,6
1,test.0525,Formulas,0.0025875,6
1,test.0526,Formulas,0.00443696,6
1,test.0527,Formulas,0.0030524,6
1,test.0528,Formulas,0.0021291,6
1,test.0529,Formulas,0.00347516,6
1,test.0530,Formulas,0.00161788,6
1,test.0531,Formulas,0.00148682,6
1,test.0532,Formulas,0.00276122,6
1,test.0533,Formulas,0.0030209,6
1,test.0534,Formulas,0.0029195,6
1,test.0535,Formulas,0.0028726,6
1,test.0536,Formulas,0.00243646,6
1,test.0537,Formulas,0.00272142,6
1,test.0538,Formulas,0.0036435,6
1,test.0539,Formulas,0.00314778,6
1,test.0540,Formulas,0.0020589,6
1,test.0541,Rules,0.00251916,6
1,test.0542,Rules,0.00445656,6
1,test.0543,Rules,0.00289552,6
1,test.0544,Rules,0.00280372,6
1,test.0545,Rules,0.00423874,6
1,test.0546,Rules,0.00301012,6
1,test.0547,Rules,0.00316226,6
1,test.0548,Rules,0.00286726,6
1,test.0549,Rules,0.00451902,6
1,test.0550,Rules,0.0030404,6
1,test.0551,Rules,0.0037796,6
1,test.0552,Rules,0.00225752,6
1,test.0553,Rules,0.00346234,6
1,test.0554,Rules,0.00406296,6
1,test.0555,Rules,0.00400302,6
1,test.0556,Rules,0.00391654,6
1,test.0557,Rules,0.00346234,6
1,test.0558,Rules,0.00256464,6
1,test.0559,Rules,0.00305684,6
1,test.0560,Rules,0.00370954,6
1,test.0561,Formulas,0.0025026,6
1,test.0562,Formulas,0.00312488,6
1,test.0563,Formulas,0.00402334,6
1,test.0564,Formulas,0.00293232,6
1,test.0565,Formulas,0.00334488,6
1,test.0566,Formulas,0.00271244,6
1,test.0567,Formulas,0.00281028,6
1,test.0568,Formulas,0.00294746,6
1,test.0569,Formulas,0.00290272,6
1,test.0570,Formulas,0.00285746,6
1,test.0571,Formulas,0.00262048,6
1,test.0572,Formulas,0.00296764,6
1,test.0573,Formulas,0.00286082,6
1,test.0574,Formulas,0.0031293,6
1,test.0575,Formulas,0.0035258,6
1,test.0576,Formulas,0.0029429,6
1,test.0577,Formulas,0.00277474,6
1,test.0578,Formulas,0.0028898,6
1,test.0579,Formulas,0.00296918,6
1,test.0580,Formulas,0.00353124,6
1,test.0581,Formulas,0.0030699,6
1,test.0582,Formulas,0.00313446,6
1,test.0583,Formulas,0.00259256,6
1,test.0584,Formulas,0.002801,6
1,test.0585,Formulas,0.00270232,6
1,test.0586,Formulas,0.00262832,6
1,test.0587,Formulas,0.0028783,6
1,test.0588,Formulas,0.00265228,6
1,test.0589,Formulas,0.00278742,6
1,test.0590,Formulas,0.00451318,6
1,test.0591,Formulas,0.00287582,6
1,test.0592,Formulas,0.00184644,6
1,test.0593,Formulas,0.00279472,6
1,test.0594,Formulas,0.00282348,6
1,test.0595,Formulas,0.00211266,6
1,test.0596,Formulas,0.00238774,6
1,test.0597,Formulas,0.00169256,6
1,test.0598,Formulas,0.00266806,6
1,test.0599,Formulas,0.0025012,6
1,test.0600,Formulas,0.00323724,6
1,test.0601,Formulas,0.0055828,6
1,test.0602,Formulas,0.00502954,6
1,test.0603,Formulas,0.00602762,6
1,test.0604,Formulas,0.00567644,6
1,test.0605,Formulas,0.00491074,6
1,test.0606,Formulas,0.00555644,6
1,test.0607,Formulas,0.00392672,6
1,test.0608,Formulas,0.00517278,6
1,test.0609,Formulas,0.00718036,6
1,test.0610,Formulas,0.0069188,6
1,test.0611,Formulas,0.00484228,6
1,test.0612,Formulas,0.00393022,6
1,test.0613,Formulas,0.0055559,6
1,test.0614,Formulas,0.00536994,6
1,test.0615,Formulas,0.00483168,6
1,test.0616,Formulas,0.00690062,6
1,test.0617,Formulas,0.00540216,6
1,test.0618,Formulas,0.005167,6
1,test.0619,Formulas,0.0051441,6
1,test.0620,Formulas,0.00503784,6
1,test.0621,Rules,0.00443326,6
1,test.0622,Rules,0.00317814,6
1,test.0623,Rules,0.00475416,6
1,test.0624,Rules,0.0029327,6
1,test.0625,Rules,0.00358574,6
1,test.0626,Rules,0.00425098,6
1,test.0627,Rules,0.00367184,6
1,test.0628,Rules,0.00405162,6
1,test.0629,Rules,0.00378808,6
1,test.0630,Rules,0.00400816,6
1,test.0631,Rules,0.00364628,6
1,test.0632,Rules,0.00265436,6
1,test.0633,Rules,0.00306316,6
1,test.0634,Rules,0.00377832,6
1,test.0635,Rules,0.00330658,6
1,test.0636,Rules,0.0039084,6
1,test.0637,Rules,0.0035892,6
1,test.0638,Rules,0.00341344,6
1,test.0639,Rules,0.00365086,6
1,test.0640,Rules,0.00317724,6
1,test.0641,Rules,0.00404776,6
1,test.0642,Rules,0.00305844,6
1,test.0643,Rules,0.0037682,6
1,test.0644,Rules,0.00327444,6
1,test.0645,Rules,0.00346696,6
1,test.0646,Rules,0.00292916,6
1,test.0647,Rules,0.00384112,6
1,test.0648,Rules,0.00492936,6
1,test.0649,Rules,0.00376252,6
1,test.0650,Rules,0.00444756,6
1,test.0651,Rules,0.0033308,6
1,test.0652,Rules,0.00255146,6
1,test.0653,Rules,0.00321076,6
1,test.0654,Rules,0.00334798,6
1,test.0655,Rules,0.00300956,6
1,test.0656,Rules,0.00349866,6
1,test.0657,Rules,0.0039046,6
1,test.0658,Rules,0.00447846,6
1,test.0659,Rules,0.00326672,6
1,test.0660,Rules,0.00260818,6
1,test.0661,Formulas,0.0016125,6
1,test.0662,Formulas,0.0023113,6
1,test.0663,Formulas,0.00173662,6
1,test.0664,Formulas,0.00180218,6
1,test.0665,Formulas,0.00185422,6
1,test.0666,Formulas,0.00255722,6
1,test.0667,Formulas,0.00157816,6
1,test.0668,Formulas,0.0014123,6
1,test.0669,Formulas,0.00189444,6
1,test.0670,Formulas,0.00249294,6
1,test.0671,Formulas,0.00164224,6
1,test.0672,Formulas,0.0019799,6
1,test.0673,Formulas,0.00151094,6
1,test.0674,Formulas,0.00201344,6
1,test.0675,Formulas,0.00208814,6
1,test.0676,Formulas,0.00188282,6
1,test.0677,Formulas,0.0021559,6
1,test.0678,Formulas,0.00195032,6
1,test.0679,Formulas,0.0020281,6
1,test.0680,Formulas,0.0014646,6
1,test.0681,Formulas,0.00173598,6
1,test.0682,Formulas,0.00174674,6
1,test.0683,Formulas,0.00172472,6
1,test.0684,Formulas,0.00167954,6
1,test.0685,Formulas,0.00225514,6
1,test.0686,Formulas,0.00169752,6
1,test.0687,Formulas,0.00174224,6
1,test.0688,Formulas,0.00159128,6
1,test.0689,Formulas,0.00144046,6
1,test.0690,Formulas,0.00169972,6
1,test.0691,Formulas,0.00220756,6
1,test.0692,Formulas,0.00161374,6
1,test.0693,Formulas,0.00156712,6
1,test.0694,Formulas,0.00165274,6
1,test.0695,Formulas,0.00167552,6
1,test.0696,Formulas,0.00169464,6
1,test.0697,Formulas,0.00170224,6
1,test.0698,Formulas,0.00183612,6
1,test.0699,Formulas,0.00173882,6
1,test.0700,Formulas,0.00152382,6
1,test.0701,Formulas,0.00153332,6
1,test.0702,Formulas,0.00155754,6
1,test.0703,Formulas,0.00155752,6
1,test.0704,Formulas,0.00161068,6
1,test.0705,Formulas,0.00145234,6
1,test.0706,Formulas,0.00160264,6
1,test.0707,Formulas,0.00151766,6
1,test.0708,Formulas,0.0013999,6
1,test.0709,Formulas,0.00157808,6
1,test.0710,Formulas,0.0013162,6
1,test.0711,Formulas,0.00146354,6
1,test.0712,Formulas,0.00145112,6
1,test.0713,Formulas,0.00168098,6
1,test.0714,Formulas,0.00183368,6
1,test.0715,Formulas,0.00155136,6
1,test.0716,Formulas,0.00155964,6
1,test.0717,Formulas,0.00149884,6
1,test.0718,Formulas,0.00172832,6
1,test.0719,Formulas,0.00162894,6
1,test.0720,Formulas,0.00136278,6
1,test.0721,Formulas,0.00164724,6
1,test.0722,Formulas,0.00164468,6
1,test.0723,Formulas,0.00154814,6
1,test.0724,Formulas,0.00178518,6
1,test.0725,Formulas,0.0019163,6
1,test.0726,Formulas,0.0015543,6
1,test.0727,Formulas,0.00170064,6
1,test.0728,Formulas,0.00195758,6
1,test.0729,Formulas,0.00163574,6
1,test.0730,Formulas,0.00176938,6
1,test.0731,Formulas,0.00177638,6
1,test.0732,Formulas,0.00150834,6
1,test.0733,Formulas,0.00185808,6
1,test.0734,Formulas,0.00180138,6
1,test.0735,Formulas,0.00177922,6
1,test.0736,Formulas,0.00177198,6
1,test.0737,Formulas,0.00162262,6
1,test.0738,Formulas,0.00158626,6
1,test.0739,Formulas,0.00167498,6
1,test.0740,Formulas,0.00191912,6
1,test.0741,Formulas,0.00419354,6
1,test.0742,Formulas,0.00319876,6
1,test.0743,Formulas,0.00257958,6
1,test.0744,Formulas,0.00272266,6
1,test.0745,Formulas,0.00273796,6
1,test.0746,Formulas,0.00265654,6
1,test.0747,Formulas,0.00225184,6
1,test.0748,Formulas,0.00336032,6
1,test.0749,Formulas,0.00241752,6
1,test.0750,Formulas,0.00234544,6
1,test.0751,Formulas,0.00288462,6
1,test.0752,Formulas,0.00338098,6
1,test.0753,Formulas,0.00297032,6
1,test.0754,Formulas,0.00256344,6
1,test.0755,Formulas,0.00423674,6
1,test.0756,Formulas,0.00284658,6
1,test.0757,Formulas,0.00261138,6
1,test.0758,Formulas,0.0018939,6
1,test.0759,Formulas,0.00270658,6
1,test.0760,Formulas,0.00195558,6
1,test.0761,Formulas,0.00313324,6
1,test.0762,Formulas,0.00336362,6
1,test.0763,Formulas,0.00283852,6
1,test.0764,Formulas,0.00355148,6
1,test.0765,Formulas,0.00377332,6
1,test.0766,Formulas,0.00452824,6
1,test.0767,Formulas,0.00378138,6
1,test.0768,Formulas,0.0029965,6
1,test.0769,Formulas,0.0029635,6
1,test.0770,Formulas,0.00416984,6
1,test.0771,Formulas,0.00292188,6
1,test.0772,Formulas,0.00411192,6
1,test.0773,Formulas,0.0039908,6
1,test.0774,Formulas,0.0040205,6
1,test.0775,Formulas,0.00312996,6
1,test.0776,Formulas,0.00289756,6
1,test.0777,Formulas,0.0038737,6
1,test.0778,Formulas,0.00524608,6
1,test.0779,Formulas,0.00388618,6
1,test.0780,Formulas,0.00303506,6
1,test.0781,Formulas,0.00228222,6
1,test.0782,Formulas,0.00220098,6
1,test.0783,Formulas,0.00279562,6
1,test.0784,Formulas,0.00329142,6
1,test.0785,Formulas,0.003016,6
1,test.0786,Formulas,0.00265126,6
1,test.0787,Formulas,0.00267414,6
1,test.0788,Formulas,0.00170406,6
1,test.0789,Formulas,0.00391138,6
1,test.0790,Formulas,0.0019886,6
1,test.0791,Formulas,0.00215382,6
1,test.0792,Formulas,0.0030805,6
1,test.0793,Formulas,0.00272012,6
1,test.0794,Formulas,0.00432548,6
1,test.0795,Formulas,0.0047549,6
1,test.0796,Formulas,0.00336398,6
1,test.0797,Formulas,0.00311474,6
1,test.0798,Formulas,0.00263526,6
1,test.0799,Formulas,0.00274874,6
1,test.0800,Formulas,0.00156566,6
1,test.0801,Formulas,0.00345154,6
1,test.0802,Formulas,0.00311854,6
1,test.0803,Formulas,0.00251926,6
1,test.0804,Formulas,0.00210028,6
1,test.0805,Formulas,0.00290998,6
1,test.0806,Formulas,0.00348642,6
1,test.0807,Formulas,0.00413282,6
1,test.0808,Formulas,0.00293736,6
1,test.0809,Formulas,0.00323004,6
1,test.0810,Formulas,0.0029312,6
1,test.0811,Formulas,0.0025494,6
1,test.0812,Formulas,0.00332128,6
1,test.0813,Formulas,0.00372896,6
1,test.0814,Formulas,0.00288932,6
1,test.0815,Formulas,0.00291598,6
1,test.0816,Formulas,0.002746,6
1,test.0817,Formulas,0.00293708,6
1,test.0818,Formulas,0.00363396,6
1,test.0819,Formulas,0.00353306,6
1,test.0820,Formulas,0.0034343,6
1,test.0821,Formulas,0.00306292,6
1,test.0822,Formulas,0.00361436,6
1,test.0823,Formulas,0.00257718,6
1,test.0824,Formulas,0.003214,6
1,test.0825,Formulas,0.00288396,6
1,test.0826,Formulas,0.00241502,6
1,test.0827,Formulas,0.00270382,6
1,test.0828,Formulas,0.00281322,6
1,test.0829,Formulas,0.00335734,6
1,test.0830,Formulas,0.00460282,6
1,test.0831,Formulas,0.00278032,6
1,test.0832,Formulas,0.00280692,6
1,test.0833,Formulas,0.003833,6
1,test.0834,Formulas,0.00463158,6
1,test.0835,Formulas,0.00234496,6
1,test.0836,Formulas,0.003909,6
1,test.0837,Formulas,0.0030563,6
1,test.0838,Formulas,0.0029333,6
1,test.0839,Formulas,0.00270668,6
1,test.0840,Formulas,0.0038754,6
1,test.0841,Formulas,0.0043621,6
1,test.0842,Formulas,0.00382934,6
1,test.0843,Formulas,0.00352356,6
1,test.0844,Formulas,0.00326872,6
1,test.0845,Formulas,0.00249462,6
1,test.0846,Formulas,0.00395326,6
1,test.0847,Formulas,0.00407224,6
1,test.0848,Formulas,0.0035323,6
1,test.0849,Formulas,0.00276878,6
1,test.0850,Formulas,0.00326084,6
1,test.0851,Formulas,0.00321266,6
1,test.0852,Formulas,0.00323096,6
1,test.0853,Formulas,0.00340618,6
1,test.0854,Formulas,0.00314936,6
1,test.0855,Formulas,0.00359278,6
1,test.0856,Formulas,0.00396824,6
1,test.0857,Formulas,0.00391536,6
1,test.0858,Formulas,0.00269466,6
1,test.0859,Formulas,0.00500036,6
1,test.0860,Formulas,0.00430488,6
1,test.0861,Formulas,0.00453224,6
1,test.0862,Formulas,0.00219496,6
1,test.0863,Formulas,0.0038296,6
1,test.0864,Formulas,0.00449606,6
1,test.0865,Formulas,0.00366356,6
1,test.0866,Formulas,0.00343572,6
1,test.0867,Formulas,0.00309164,6
1,test.0868,Formulas,0.00417362,6
1,test.0869,Formulas,0.00289682,6
1,test.0870,Formulas,0.00320288,6
1,test.0871,Formulas,0.00534054,6
1,test.0872,Formulas,0.00377568,6
1,test.0873,Formulas,0.00457482,6
1,test.0874,Formulas,0.00418304,6
1,test.0875,Formulas,0.00510498,6
1,test.0876,Formulas,0.0031239,6
1,test.0877,Formulas,0.00267,6
1,test.0878,Formulas,0.0040087,6
1,test.0879,Formulas,0.0042672,6
1,test.0880,Formulas,0.00435036,6
1,test.0881,Rules,0.00598424,6
1,test.0882,Rules,0.00550086,6
1,test.0883,Rules,0.00569958,6
1,test.0884,Rules,0.00706892,6
1,test.0885,Rules,0.00459274,6
1,test.0886,Rules,0.00809952,6
1,test.0887,Rules,0.00580202,6
1,test.0888,Rules,0.00608008,6
1,test.0889,Rules,0.00652462,6
1,test.0890,Rules,0.00559544,6
1,test.0891,Rules,0.0056695,6
1,test.0892,Rules,0.00626832,6
1,test.0893,Rules,0.00583228,6
1,test.0894,Rules,0.0057543,6
1,test.0895,Rules,0.00567964,6
1,test.0896,Rules,0.00567064,6
1,test.0897,Rules,0.00606156,6
1,test.0898,Rules,0.00645456,6
1,test.0899,Rules,0.0060941,6
1,test.0900,Rules,0.00522062,6
1,test.0901,Rules,0.00299764,6
1,test.0902,Rules,0.0026981,6
1,test.0903,Rules,0.00315644,6
1,test.0904,Rules,0.00321502,6
1,test.0905,Rules,0.0026878,6
1,test.0906,Rules,0.00260878,6
1,test.0907,Rules,0.00358452,6
1,test.0908,Rules,0.0030348,6
1,test.0909,Rules,0.00302804,6
1,test.0910,Rules,0.00406964,6
1,test.0911,Rules,0.00363138,6
1,test.0912,Rules,0.00359036,6
1,test.0913,Rules,0.00287546,6
1,test.0914,Rules,0.00306264,6
1,test.0915,Rules,0.00325498,6
1,test.0916,Rules,0.00351638,6
1,test.0917,Rules,0.00258458,6
1,test.0918,Rules,0.00291984,6
1,test.0919,Rules,0.0031613,6
1,test.0920,Rules,0.00473832,6
1,test.0921,Rules,0.0064041,6
1,test.0922,Rules,0.00687654,6
1,test.0923,Rules,0.00576896,6
1,test.0924,Rules,0.00653906,6
1,test.0925,Rules,0.00590508,6
1,test.0926,Rules,0.00764724,6
1,test.0927,Rules,0.00766672,6
1,test.0928,Rules,0.00783532,6
1,test.0929,Rules,0.00709694,6
1,test.0930,Rules,0.00686752,6
1,test.0931,Rules,0.00718784,6
1,test.0932,Rules,0.00626854,6
1,test.0933,Rules,0.0063675,6
1,test.0934,Rules,0.00766022,6
1,test.0935,Rules,0.00907936,6
1,test.0936,Rules,0.00927394,6
1,test.0937,Rules,0.00795682,6
1,test.0938,Rules,0.00557772,6
1,test.0939,Rules,0.00828284,6
1,test.0940,Rules,0.00844784,6
1,test.0941,Rules,0.00546948,6
1,test.0942,Rules,0.00731256,6
1,test.0943,Rules,0.00596068,6
1,test.0944,Rules,0.0066277,6
1,test.0945,Rules,0.00655212,6
1,test.0946,Rules,0.00714262,6
1,test.0947,Rules,0.00552222,6
1,test.0948,Rules,0.00705416,6
1,test.0949,Rules,0.005679,6
1,test.0950,Rules,0.00688242,6
1,test.0951,Rules,0.00574068,6
1,test.0952,Rules,0.00582776,6
1,test.0953,Rules,0.00511106,6
1,test.0954,Rules,0.00604276,6
1,test.0955,Rules,0.00521914,6
1,test.0956,Rules,0.005268,6
1,test.0957,Rules,0.0051627,6
1,test.0958,Rules,0.0062873,6
1,test.0959,Rules,0.00717236,6
1,test.0960,Rules,0.00582812,6
1,test.0961,Rules,0.00466296,6
1,test.0962,Rules,0.00613526,6
1,test.0963,Rules,0.0050119,6
1,test.0964,Rules,0.00449234,6
1,test.0965,Rules,0.00475386,6
1,test.0966,Rules,0.0053167,6
1,test.0967,Rules,0.00413958,6
1,test.0968,Rules,0.00498336,6
1,test.0969,Rules,0.00471466,6
1,test.0970,Rules,0.00483328,6
1,test.0971,Rules,0.00441626,6
1,test.0972,Rules,0.0062851,6
1,test.0973,Rules,0.00408608,6
1,test.0974,Rules,0.00529268,6
1,test.0975,Rules,0.00464682,6
1,test.0976,Rules,0.00505124,6
1,test.0977,Rules,0.004027,6
1,test.0978,Rules,0.00418348,6
1,test.0979,Rules,0.00506486,6
1,test.0980,Rules,0.00437438,6
1,test.1001,Formulas,0.00183604,6
1,test.1002,Formulas,0.00144262,6
1,test.1003,Formulas,0.00171868,6
1,test.1004,Formulas,0.00209702,6
1,test.1005,Formulas,0.00155618,6
1,test.1006,Formulas,0.00149922,6
1,test.1007,Formulas,0.00173226,6
1,test.1008,Formulas,0.00254232,6
1,test.1009,Formulas,0.00168056,6
1,test.1010,Formulas,0.002092,6
1,test.1011,Formulas,0.0014509,6
1,test.1012,Formulas,0.00214602,6
1,test.1013,Formulas,0.00235356,6
1,test.1014,Formulas,0.0016224,6
1,test.1015,Formulas,0.00175546,6
1,test.1016,Formulas,0.00389176,6
1,test.1017,Formulas,0.00187702,6
1,test.1018,Formulas,0.00134632,6
1,test.1019,Formulas,0.00187024,6
1,test.1020,Formulas,0.00220148,6
1,test.1021,Formulas,0.00133826,6
1,test.1022,Formulas,0.00158098,6
1,test.1023,Formulas,0.00161914,6
1,test.1024,Formulas,0.00130922,6
1,test.1025,Formulas,0.00132158,6
1,test.1026,Formulas,0.001566,6
1,test.1027,Formulas,0.00150288,6
1,test.1028,Formulas,0.00162778,6
1,test.1029,Formulas,0.00135282,6
1,test.1030,Formulas,0.0015711,6
1,test.1031,Formulas,0.00142196,6
1,test.1032,Formulas,0.00129136,6
1,test.1033,Formulas,0.00134558,6
1,test.1034,Formulas,0.00156524,6
1,test.1035,Formulas,0.0016825,6
1,test.1036,Formulas,0.00127804,6
1,test.1037,Formulas,0.00159438,6
1,test.1038,Formulas,0.00129212,6
1,test.1039,Formulas,0.00129792,6
1,test.1040,Formulas,0.00142336,6
1,test.1041,Formulas,0.00211308,6
1,test.1042,Formulas,0.00340754,6
1,test.1043,Formulas,0.00242724,6
1,test.1044,Formulas,0.00205256,6
1,test.1045,Formulas,0.00320182,6
1,test.1046,Formulas,0.0014865,6
1,test.1047,Formulas,0.00218356,6
1,test.1048,Formulas,0.00180942,6
1,test.1049,Formulas,0.00253218,6
1,test.1050,Formulas,0.00177656,6
1,test.1051,Formulas,0.00225478,6
1,test.1052,Formulas,0.00189158,6
1,test.1053,Formulas,0.0027091,6
1,test.1054,Formulas,0.00151844,6
1,test.1055,Formulas,0.00136092,6
1,test.1056,Formulas,0.00194362,6
1,test.1057,Formulas,0.00224306,6
1,test.1058,Formulas,0.00195412,6
1,test.1059,Formulas,0.0014278,6
1,test.1060,Formulas,0.00499996,6
2,test.0001,Formulas,0.00586686,6
2,test.0002,Formulas,0.00709986,6
2,test.0003,Formulas,0.00500132,6
2,test.0004,Formulas,0.0045348,6
2,test.0005,Formulas,0.00671466,6
2,test.0006,Formulas,0.0068342,6
2,test.0007,Formulas,0.00581236,6
2,test.0008,Formulas,0.00699806,6
2,test.0009,Formulas,0.00705026,6
2,test.0010,Formulas,0.00645332,6
2,test.0011,Formulas,0.00585616,6
2,test.0012,Formulas,0.005777,6
2,test.0013,Formulas,0.00467836,6
2,test.0014,Formulas,0.00506986,6
2,test.0015,Formulas,0.00543998,6
2,test.0016,Formulas,0.00585016,6
2,test.0017,Formulas,0.00493956,6
2,test.0018,Formulas,0.00546042,6
2,test.0019,Formulas,0.00618816,6
2,test.0020,Formulas,0.00470776,6
2,test.0021,Formulas,0.00585666,6
2,test.0022,Formulas,0.00645866,6
2,test.0023,Formulas,0.00522126,6
2,test.0024,Formulas,0.00500614,6
2,test.0025,Formulas,0.00531386,6
2,test.0026,Formulas,0.00520976,6
2,test.0027,Formulas,0.00516964,6
2,test.0028,Formulas,0.00562656,6
2,test.0029,Formulas,0.00534476,6
2,test.0030,Formulas,0.00586846,6
2,test.0031,Formulas,0.00614286,6
2,test.0032,Formulas,0.00517436,6
2,test.0033,Formulas,0.0055446,6
2,test.0034,Formulas,0.00423696,6
2,test.0035,Formulas,0.00421116,6
2,test.0036,Formulas,0.00535556,6
2,test.0037,Formulas,0.0054334,6
2,test.0038,Formulas,0.00503194,6
2,test.0039,Formulas,0.00481468,6
2,test.0040,Formulas,0.00628008,6
2,test.0041,Rules,0.00441438,6
2,test.0042,Rules,0.0031748,6
2,test.0043,Rules,0.00565096,6
2,test.0044,Rules,0.00464572,6
2,test.0045,Rules,0.00374796,6
2,test.0046,Rules,0.00404416,6
2,test.0047,Rules,0.00623376,6
2,test.0048,Rules,0.00597896,6
2,test.0049,Rules,0.00469746,6
2,test.0050,Rules,0.00410366,6
2,test.0051,Rules,0.00499824,6
2,test.0052,Rules,0.0051461,6
2,test.0053,Rules,0.00404156,6
2,test.0054,Rules,0.00380846,6
2,test.0055,Rules,0.00525756,6
2,test.0056,Rules,0.00439094,6
2,test.0057,Rules,0.00389068,6
2,test.0058,Rules,0.00565696,6
2,test.0059,Rules,0.00417216,6
2,test.0060,Rules,0.00407696,6
2,test.0061,Formulas,0.00300636,6
2,test.0062,Formulas,0.00238064,6
2,test.0063,Formulas,0.00350292,6
2,test.0064,Formulas,0.00284818,6
2,test.0065,Formulas,0.0033168,6
2,test.0066,Formulas,0.00262646,6
2,test.0067,Formulas,0.00247086,6
2,test.0068,Formulas,0.00295792,6
2,test.0069,Formulas,0.00234738,6
2,test.0070,Formulas,0.00222138,6
2,test.0071,Formulas,0.0021582,6
2,test.0072,Formulas,0.00343136,6
2,test.0073,Formulas,0.00264656,6
2,test.0074,Formulas,0.00236396,6
2,test.0075,Formulas,0.00300486,6
2,test.0076,Formulas,0.0025863,6
2,test.0077,Formulas,0.00311396,6
2,test.0078,Formulas,0.00399742,6
2,test.0079,Formulas,0.00260746,6
2,test.0080,Formulas,0.00467326,6
2,test.0081,Formulas,0.00301016,6
2,test.0082,Formulas,0.00613486,6
2,test.0083,Formulas,0.00304676,6
2,test.0084,Formulas,0.00377486,6
2,test.0085,Formulas,0.00285956,6
2,test.0086,Formulas,0.00331814,6
2,test.0087,Formulas,0.00330156,6
2,test.0088,Formulas,0.00340534,6
2,test.0089,Formulas,0.00265702,6
2,test.0090,Formulas,0.00297926,6
2,test.0091,Formulas,0.00359226,6
2,test.0092,Formulas,0.00438064,6
2,test.0093,Formulas,0.0051328,6
2,test.0094,Formulas,0.00263486,6
2,test.0095,Formulas,0.00287658,6
2,test.0096,Formulas,0.00341496,6
2,test.0097,Formulas,0.00325486,6
2,test.0098,Formulas,0.00340508,6
2,test.0099,Formulas,0.00253552,6
2,test.0100,Formulas,0.00399226,6
2,test.0101,Formulas,0.00308306,6
2,test.0102,Formulas,0.00342138,6
2,test.0103,Formulas,0.00349926,6
2,test.0104,Formulas,0.00367532,6
2,test.0105,Formulas,0.00388628,6
2,test.0106,Formulas,0.00338934,6
2,test.0107,Formulas,0.00344116,6
2,test.0108,Formulas,0.00552646,6
2,test.0109,Formulas,0.00338848,6
2,test.0110,Formulas,0.00398246,6
2,test.0111,Formulas,0.00505066,6
2,test.0112,Formulas,0.00454396,6
2,test.0113,Formulas,0.00464926,6
2,test.0114,Formulas,0.00391462,6
2,test.0115,Formulas,0.00331514,6
2,test.0116,Formulas,0.00362766,6
2,test.0117,Formulas,0.00424346,6
2,test.0118,Formulas,0.00382042,6
2,test.0119,Formulas,0.00360156,6
2,test.0120,Formulas,0.00572026,6
2,test.0121,Rules,0.00470396,6
2,test.0122,Rules,0.00549326,6
2,test.0123,Rules,0.00519046,6
2,test.0124,Rules,0.0044677,6
2,test.0125,Rules,0.00679516,6
2,test.0126,Rules,0.00428876,6
2,test.0127,Rules,0.00594666,6
2,test.0128,Rules,0.00450922,6
2,test.0129,Rules,0.00399976,6
2,test.0130,Rules,0.00493776,6
2,test.0131,Rules,0.00461836,6
2,test.0132,Rules,0.00392292,6
2,test.0133,Rules,0.0035593,6
2,test.0134,Rules,0.00528036,6
2,test.0135,Rules,0.00494696,6
2,test.0136,Rules,0.00498904,6
2,test.0137,Rules,0.004251,6
2,test.0138,Rules,0.00476164,6
2,test.0139,Rules,0.00547416,6
2,test.0140,Rules,0.00453486,6
2,test.0141,Formulas,0.0041414,6
2,test.0142,Formulas,0.00434366,6
2,test.0143,Formulas,0.00479068,6
2,test.0144,Formulas,0.00480606,6
2,test.0145,Formulas,0.00542466,6
2,test.0146,Formulas,0.00371346,6
2,test.0147,Formulas,0.00491126,6
2,test.0148,Formulas,0.00508706,6
2,test.0149,Formulas,0.00495516,6
2,test.0150,Formulas,0.0038043,6
2,test.0151,Formulas,0.00489648,6
2,test.0152,Formulas,0.00393342,6
2,test.0153,Formulas,0.00367386,6
2,test.0154,Formulas,0.00430768,6
2,test.0155,Formulas,0.00442256,6
2,test.0156,Formulas,0.00379366,6
2,test.0157,Formulas,0.00385336,6
2,test.0158,Formulas,0.00365886,6
2,test.0159,Formulas,0.00461276,6
2,test.0160,Formulas,0.00442422,6
2,test.0161,Formulas,0.00424906,6
2,test.0162,Formulas,0.00354344,6
2,test.0163,Formulas,0.00323786,6
2,test.0164,Formulas,0.0045473,6
2,test.0165,Formulas,0.00421126,6
2,test.0166,Formulas,0.00469176,6
2,test.0167,Formulas,0.00315196,6
2,test.0168,Formulas,0.0039687,6
2,test.0169,Formulas,0.00350406,6
2,test.0170,Formulas,0.00428002,6
2,test.0171,Formulas,0.00443766,6
2,test.0172,Formulas,0.00359858,6
2,test.0173,Formulas,0.00362586,6
2,test.0174,Formulas,0.00281396,6
2,test.0175,Formulas,0.00400326,6
2,test.0176,Formulas,0.00433126,6
2,test.0177,Formulas,0.00335596,6
2,test.0178,Formulas,0.00465506,6
2,test.0179,Formulas,0.00318826,6
2,test.0180,Formulas,0.00301106,6
2,test.0181,Formulas,0.00259558,6
2,test.0182,Formulas,0.00272978,6
2,test.0183,Formulas,0.00213656,6
2,test.0184,Formulas,0.00267838,6
2,test.0185,Formulas,0.00244448,6
2,test.0186,Formulas,0.00242062,6
2,test.0187,Formulas,0.00215806,6
2,test.0188,Formulas,0.00228652,6
2,test.0189,Formulas,0.00219288,6
2,test.0190,Formulas,0.00245168,6
2,test.0191,Formulas,0.00213358,6
2,test.0192,Formulas,0.00209428,6
2,test.0193,Formulas,0.00252516,6
2,test.0194,Formulas,0.00225512,6
2,test.0195,Formulas,0.00250118,6
2,test.0196,Formulas,0.00238716,6
2,test.0197,Formulas,0.00229662,6
2,test.0198,Formulas,0.00230328,6
2,test.0199,Formulas,0.00236492,6
2,test.0200,Formulas,0.00240592,6
2,test.0201,Rules,0.00561186,6
2,test.0202,Rules,0.00571646,6
2,test.0203,Rules,0.00453784,6
2,test.0204,Rules,0.00499172,6
2,test.0205,Rules,0.00612708,6
2,test.0206,Rules,0.00529706,6
2,test.0207,Rules,0.00602418,6
2,test.0208,Rules,0.00576636,6
2,test.0209,Rules,0.00726636,6
2,test.0210,Rules,0.00491786,6
2,test.0211,Rules,0.00516556,6
2,test.0212,Rules,0.00511346,6
2,test.0213,Rules,0.00499516,6
2,test.0214,Rules,0.00493942,6
2,test.0215,Rules,0.00549004,6
2,test.0216,Rules,0.0046342,6
2,test.0217;test.0218,Rules,0.0098804,12
2,test.0219,Rules,0.00500366,6
2,test.0220,Rules,0.0039276,6
2,test.0221,Rules,0.00540726,6
2,test.0222,Rules,0.00495876,6
2,test.0223,Rules,0.00542626,6
2,test.0224,Rules,0.00429614,6
2,test.0225,Rules,0.00539446,6
2,test.0226,Rules,0.0062095,6
2,test.0227,Rules,0.00565786,6
2,test.0228,Rules,0.00594916,6
2,test.0229,Rules,0.00497264,6
2,test.0230,Rules,0.00531146,6
2,test.0231,Rules,0.00514856,6
2,test.0232,Rules,0.0051686,6
2,test.0233,Rules,0.00503684,6
2,test.0234,Rules,0.00513436,6
2,test.0235,Rules,0.0054744,6
2,test.0236,Rules,0.00505074,6
2,test.0237,Rules,0.00616046,6
2,test.0238,Rules,0.00567648,6
2,test.0239,Rules,0.00626886,6
2,test.0240,Rules,0.00558244,6
2,test.0241,Rules,0.00520876,6
2,test.0242,Rules,0.00490488,6
2,test.0243,Rules,0.00509226,6
2,test.0244,Rules,0.00512106,6
2,test.0245,Rules,0.0054061,6
2,test.0246,Rules,0.00739796,6
2,test.0247,Rules,0.00555236,6
2,test.0248,Rules,0.00526466,6
2,test.0249,Rules,0.0051416,6
2,test.0250,Rules,0.00400756,6
2,test.0251,Rules,0.00518178,6
2,test.0252,Rules,0.00547676,6
2,test.0253,Rules,0.00477864,6
2,test.0254,Rules,0.00444486,6
2,test.0255,Rules,0.00550646,6
2,test.0256,Rules,0.00365658,6
2,test.0257,Rules,0.0054172,6
2,test.0258,Rules,0.00544616,6
2,test.0259,Rules,0.00570116,6
2,test.0260,Rules,0.00431858,6
2,test.0261,Rules,0.00514656,6
2,test.0262,Rules,0.00562124,6
2,test.0263,Rules,0.00666026,6
2,test.0264,Rules,0.00717936,6
2,test.0265,Rules,0.00504076,6
2,test.0266,Rules,0.0045812,6
2,test.0267,Rules,0.00361036,6
2,test.0268,Rules,0.00542436,6
2,test.0269,Rules,0.00389406,6
2,test.0270,Rules,0.00646256,6
2,test.0271,Rules,0.0053892,6
2,test.0272,Rules,0.00473366,6
2,test.0273,Rules,0.00490356,6
2,test.0274,Rules,0.00637486,6
2,test.0275,Rules,0.00446126,6
2,test.0276,Rules,0.00552074,6
2,test.0277,Rules,0.00559536,6
2,test.0278,Rules,0.0049553,6
2,test.0279,Rules,0.00636436,6
2,test.0280,Rules,0.00481976,6
2,test.0281,Formulas,0.0037616,6
2,test.0282,Formulas,0.00456146,6
2,test.0283,Formulas,0.00293288,6
2,test.0284,Formulas,0.00364416,6
2,test.0285,Formulas,0.00290366,6
2,test.0286,Formulas,0.0032789,6
2,test.0287,Formulas,0.00368286,6
2,test.0288,Formulas,0.0033402,6
2,test.0289,Formulas,0.00396196,6
2,test.0290,Formulas,0.00313936,6
2,test.0291,Formulas,0.0026351,6
2,test.0292,Formulas,0.00330504,6
2,test.0293,Formulas,0.00404404,6
2,test.0294,Formulas,0.00362254,6
2,test.0295,Formulas,0.00358406,6
2,test.0296,Formulas,0.00342526,6
2,test.0297,Formulas,0.00416742,6
2,test.0298,Formulas,0.00345486,6
2,test.0299,Formulas,0.00416766,6
2,test.0300,Formulas,0.00565466,6
2,test.0301,Rules,0.00380966,6
2,test.0302,Rules,0.0042992,6
2,test.0303,Rules,0.00367296,6
2,test.0304,Rules,0.00494086,6
2,test.0305,Rules,0.00315924,6
2,test.0306,Rules,0.00360356,6
2,test.0307,Rules,0.00484876,6
2,test.0308,Rules,0.00396976,6
2,test.0309,Rules,0.00355376,6
2,test.0310,Rules,0.00541726,6
2,test.0311,Rules,0.00327464,6
2,test.0312,Rules,0.00399546,6
2,test.0313,Rules,0.00502914,6
2,test.0314,Rules,0.00362466,6
2,test.0315,Rules,0.00438116,6
2,test.0316,Rules,0.00351966,6
2,test.0317,Rules,0.00402256,6
2,test.0318,Rules,0.0029675,6
2,test.0319,Rules,0.00339756,6
2,test.0320,Rules,0.00287702,6
2,test.0321,Formulas,0.00424776,6
2,test.0322,Formulas,0.00369162,6
2,test.0323,Formulas,0.00455246,6
2,test.0324,Formulas,0.00363146,6
2,test.0325,Formulas,0.00369202,6
2,test.0326,Formulas,0.00333436,6
2,test.0327,Formulas,0.00317306,6
2,test.0328,Formulas,0.0039027,6
2,test.0329,Formulas,0.00316576,6
2,test.0330,Formulas,0.00491656,6
2,test.0331,Formulas,0.00320016,6
2,test.0332,Formulas,0.00347726,6
2,test.0333,Formulas,0.00596266,6
2,test.0334,Formulas,0.00346406,6
2,test.0335,Formulas,0.00463016,6
2,test.0336,Formulas,0.00445232,6
2,test.0337,Formulas,0.00394976,6
2,test.0338,Formulas,0.00450756,6
2,test.0339,Formulas,0.00387638,6
2,test.0340,Formulas,0.00369746,6
2,test.0341,Formulas,0.00587506,6
2,test.0342,Formulas,0.0060834,6
2,test.0343,Formulas,0.00618536,6
2,test.0344,Formulas,0.005904,6
2,test.0345,Formulas,0.00582796,6
2,test.0346,Formulas,0.00513324,6
2,test.0347,Formulas,0.0047964,6
2,test.0348,Formulas,0.00544426,6
2,test.0349,Formulas,0.00626456,6
2,test.0350,Formulas,0.00596578,6
2,test.0351,Formulas,0.00596836,6
2,test.0352,Formulas,0.00615798,6
2,test.0353,Formulas,0.00591316,6
2,test.0354,Formulas,0.00510906,6
2,test.0355,Formulas,0.00573366,6
2,test.0356,Formulas,0.00569966,6
2,test.0357,Formulas,0.0055579,6
2,test.0358,Formulas,0.00579448,6
2,test.0359,Formulas,0.00579976,6
2,test.0360,Formulas,0.00679666,6
2,test.0361,Rules,0.00723096,6
2,test.0362,Rules,0.00669522,6
2,test.0363,Rules,0.00515318,6
2,test.0364,Rules,0.00570866,6
2,test.0365,Rules,0.00713226,6
2,test.0366,Rules,0.0057881,6
2,test.0367,Rules,0.005577,6
2,test.0368,Rules,0.00657306,6
2,test.0369,Rules,0.00725626,6
2,test.0370,Rules,0.0069377,6
2,test.0371,Rules,0.00532756,6
2,test.0372,Rules,0.00837536,6
2,test.0373,Rules,0.00453046,6
2,test.0374,Rules,0.00439532,6
2,test.0375,Rules,0.00694436,6
2,test.0376,Rules,0.0064608,6
2,test.0377,Rules,0.00573182,6
2,test.0378,Rules,0.00659784,6
2,test.0379,Rules,0.00608646,6
2,test.0380,Rules,0.00957276,6
2,test.0381,Formulas,0.00297206,6
2,test.0382,Formulas,0.0036871,6
2,test.0383,Formulas,0.00277786,6
2,test.0384,Formulas,0.00312346,6
2,test.0385,Formulas,0.00316564,6
2,test.0386,Formulas,0.0027461,6
2,test.0387,Formulas,0.00332388,6
2,test.0388,Formulas,0.00407986,6
2,test.0389,Formulas,0.00296926,6
2,test.0390,Formulas,0.00338048,6
2,test.0391,Formulas,0.00350494,6
2,test.0392,Formulas,0.00248186,6
2,test.0393,Formulas,0.00347026,6
2,test.0394,Formulas,0.0027245,6
2,test.0395,Formulas,0.00412496,6
2,test.0396,Formulas,0.00374256,6
2,test.0397,Formulas,0.00420936,6
2,test.0398,Formulas,0.0038503,6
2,test.0399,Formulas,0.00278326,6
2,test.0400,Formulas,0.00361332,6
2,test.0401,Rules,0.00593904,6
2,test.0402,Rules,0.00578586,6
2,test.0403,Rules,0.00595266,6
2,test.0404,Rules,0.00506468,6
2,test.0405,Rules,0.00619056,6
2,test.0406,Rules,0.00724422,6
2,test.0407,Rules,0.00739726,6
2,test.0408,Rules,0.00645586,6
2,test.0409,Rules,0.0057132,6
2,test.0410,Rules,0.00661056,6
2,test.0411,Rules,0.00660406,6
2,test.0412,Rules,0.00695676,6
2,test.0413,Rules,0.00590374,6
2,test.0414,Rules,0.00556802,6
2,test.0415,Rules,0.00705856,6
2,test.0416,Rules,0.006344,6
2,test.0417,Rules,0.00565116,6
2,test.0418,Rules,0.0055671,6
2,test.0419,Rules,0.00499022,6
2,test.0420,Rules,0.00649826,6
2,test.0421,Formulas,0.00459444,6
2,test.0422,Formulas,0.00320786,6
2,test.0423,Formulas,0.00288748,6
2,test.0424,Formulas,0.00446836,6
2,test.0425,Formulas,0.00463056,6
2,test.0426,Formulas,0.00391334,6
2,test.0427,Formulas,0.00343206,6
2,test.0428,Formulas,0.00616626,6
2,test.0429,Formulas,0.00426806,6
2,test.0430,Formulas,0.00357918,6
2,test.0431,Formulas,0.00337816,6
2,test.0432,Formulas,0.00289618,6
2,test.0433,Formulas,0.00484656,6
2,test.0434,Formulas,0.00389278,6
2,test.0435,Formulas,0.00445536,6
2,test.0436,Formulas,0.00399376,6
2,test.0437,Formulas,0.00291576,6
2,test.0438,Formulas,0.00365912,6
2,test.0439,Formulas,0.00392456,6
2,test.0440,Formulas,0.00332996,6
2,test.0441,Formulas,0.00391774,6
2,test.0442,Formulas,0.00364546,6
2,test.0443,Formulas,0.00311618,6
2,test.0444,Formulas,0.00309586,6
2,test.0445,Formulas,0.00310806,6
2,test.0446,Formulas,0.00291354,6
2,test.0447,Formulas,0.0030711,6
2,test.0448,Formulas,0.00318446,6
2,test.0449,Formulas,0.00344876,6
2,test.0450,Formulas,0.00305186,6
2,test.0451,Formulas,0.00319182,6
2,test.0452,Formulas,0.003129,6
2,test.0453,Formulas,0.00343486,6
2,test.0454,Formulas,0.00359686,6
2,test.0455,Formulas,0.00332224,6
2,test.0456,Formulas,0.00287962,6
2,test.0457,Formulas,0.00321934,6
2,test.0458,Formulas,0.00339948,6
2,test.0459,Formulas,0.00312564,6
2,test.0460,Formulas,0.00296044,6
2,test.0461,Rules,0.00612206,6
2,test.0462,Rules,0.00400392,6
2,test.0463,Rules,0.00586386,6
2,test.0464,Rules,0.00584728,6
2,test.0465,Rules,0.00494838,6
2,test.0466,Rules,0.00412916,6
2,test.0467,Rules,0.00386594,6
2,test.0468,Rules,0.0052,6
2,test.0469,Rules,0.00506662,6
2,test.0470,Rules,0.00533046,6
2,test.0471,Rules,0.00631514,6
2,test.0472,Rules,0.00536336,6
2,test.0473,Rules,0.00367632,6
2,test.0474,Rules,0.00528932,6
2,test.0475,Rules,0.00481396,6
2,test.0476,Rules,0.00416664,6
2,test.0477,Rules,0.0041243,6
2,test.0478,Rules,0.00598266,6
2,test.0479,Rules,0.00542216,6
2,test.0480,Rules,0.00580028,6
2,test.0481,Rules,0.00358562,6
2,test.0482,Rules,0.00425926,6
2,test.0483,Rules,0.00385734,6
2,test.0484,Rules,0.00355824,6
2,test.0485,Rules,0.00314618,6
2,test.0486,Rules,0.00417256,6
2,test.0487,Rules,0.0038998,6
2,test.0488,Rules,0.00298808,6
2,test.0489,Rules,0.00291738,6
2,test.0490,Rules,0.00506266,6
2,test.0491,Rules,0.002984,6
2,test.0492,Rules,0.00373012,6
2,test.0493,Rules,0.00363586,6
2,test.0494,Rules,0.00310686,6
2,test.0495,Rules,0.00518386,6
2,test.0496,Rules,0.00355596,6
2,test.0497,Rules,0.00340046,6
2,test.0498,Rules,0.00395426,6
2,test.0499,Rules,0.00373336,6
2,test.0500,Rules,0.00323886,6
2,test.0501,Formulas,0.00501796,6
2,test.0502,Formulas,0.00703486,6
2,test.0503,Formulas,0.00527576,6
2,test.0504,Formulas,0.00383626,6
2,test.0505,Formulas,0.0044715,6
2,test.0506,Formulas,0.00442722,6
2,test.0507,Formulas,0.00395524,6
2,test.0508,Formulas,0.00439552,6
2,test.0509,Formulas,0.00428386,6
2,test.0510,Formulas,0.003476,6
2,test.0511,Formulas,0.00484336,6
2,test.0512,Formulas,0.00449466,6
2,test.0513,Formulas,0.00412416,6
2,test.0514,Formulas,0.00495576,6
2,test.0515,Formulas,0.00389736,6
2,test.0516,Formulas,0.00425706,6
2,test.0517,Formulas,0.00392316,6
2,test.0518,Formulas,0.00473626,6
2,test.0519,Formulas,0.00465466,6
2,test.0520,Formulas,0.0046649,6
2,test.0521,Formulas,0.00308476,6
2,test.0522,Formulas,0.00328056,6
2,test.0523,Formulas,0.00223906,6
2,test.0524,Formulas,0.00220258,6
2,test.0525,Formulas,0.0031903,6
2,test.0526,Formulas,0.00602416,6
2,test.0527,Formulas,0.00416956,6
2,test.0528,Formulas,0.0026015,6
2,test.0529,Formulas,0.004183,6
2,test.0530,Formulas,0.00214688,6
2,test.0531,Formulas,0.00237146,6
2,test.0532,Formulas,0.00366766,6
2,test.0533,Formulas,0.00293996,6
2,test.0534,Formulas,0.00338944,6
2,test.0535,Formulas,0.00393936,6
2,test.0536,Formulas,0.00297524,6
2,test.0537,Formulas,0.00331204,6
2,test.0538,Formulas,0.00344536,6
2,test.0539,Formulas,0.00331054,6
2,test.0540,Formulas,0.00294766,6
2,test.0541,Rules,0.0035529,6
2,test.0542,Rules,0.0044938,6
2,test.0543,Rules,0.00402446,6
2,test.0544,Rules,0.00427306,6
2,test.0545,Rules,0.00616756,6
2,test.0546,Rules,0.00440016,6
2,test.0547,Rules,0.00458956,6
2,test.0548,Rules,0.00400096,6
2,test.0549,Rules,0.00507412,6
2,test.0550,Rules,0.00462416,6
2,test.0551,Rules,0.00516686,6
2,test.0552,Rules,0.00336512,6
2,test.0553,Rules,0.00475466,6
2,test.0554,Rules,0.00480994,6
2,test.0555,Rules,0.0052565,6
2,test.0556,Rules,0.00606116,6
2,test.0557,Rules,0.00438386,6
2,test.0558,Rules,0.00359016,6
2,test.0559,Rules,0.00450646,6
2,test.0560,Rules,0.00542106,6
2,test.0561,Formulas,0.00357608,6
2,test.0562,Formulas,0.00350966,6
2,test.0563,Formulas,0.00589526,6
2,test.0564,Formulas,0.00414578,6
2,test.0565,Formulas,0.00477706,6
2,test.0566,Formulas,0.00402864,6
2,test.0567,Formulas,0.00407056,6
2,test.0568,Formulas,0.0039755,6
2,test.0569,Formulas,0.00438676,6
2,test.0570,Formulas,0.00375346,6
2,test.0571,Formulas,0.00404366,6
2,test.0572,Formulas,0.00407624,6
2,test.0573,Formulas,0.00407958,6
2,test.0574,Formulas,0.00462266,6
2,test.0575,Formulas,0.00376884,6
2,test.0576,Formulas,0.00420068,6
2,test.0577,Formulas,0.00411216,6
2,test.0578,Formulas,0.00438426,6
2,test.0579,Formulas,0.00415758,6
2,test.0580,Formulas,0.00434066,6
2,test.0581,Formulas,0.00406246,6
2,test.0582,Formulas,0.00463706,6
2,test.0583,Formulas,0.00326784,6
2,test.0584,Formulas,0.00403876,6
2,test.0585,Formulas,0.00376428,6
2,test.0586,Formulas,0.00357486,6
2,test.0587,Formulas,0.003701,6
2,test.0588,Formulas,0.00327374,6
2,test.0589,Formulas,0.00394986,6
2,test.0590,Formulas,0.00411504,6
2,test.0591,Formulas,0.00345244,6
2,test.0592,Formulas,0.00252806,6
2,test.0593,Formulas,0.00305138,6
2,test.0594,Formulas,0.0031119,6
2,test.0595,Formulas,0.00339916,6
2,test.0596,Formulas,0.0030524,6
2,test.0597,Formulas,0.00238752,6
2,test.0598,Formulas,0.00327926,6
2,test.0599,Formulas,0.0031633,6
2,test.0600,Formulas,0.00415556,6
2,test.0601,Formulas,0.00788426,6
2,test.0602,Formulas,0.00762254,6
2,test.0603,Formulas,0.00634264,6
2,test.0604,Formulas,0.0073888,6
2,test.0605,Formulas,0.00709168,6
2,test.0606,Formulas,0.00636512,6
2,test.0607,Formulas,0.00482926,6
2,test.0608,Formulas,0.0065055,6
2,test.0609,Formulas,0.00803546,6
2,test.0610,Formulas,0.00696916,6
2,test.0611,Formulas,0.00823446,6
2,test.0612,Formulas,0.00510908,6
2,test.0613,Formulas,0.007643,6
2,test.0614,Formulas,0.0077889,6
2,test.0615,Formulas,0.00556078,6
2,test.0616,Formulas,0.00858978,6
2,test.0617,Formulas,0.00558398,6
2,test.0618,Formulas,0.00743186,6
2,test.0619,Formulas,0.00660876,6
2,test.0620,Formulas,0.00673316,6
2,test.0621,Rules,0.00515806,6
2,test.0622,Rules,0.0036504,6
2,test.0623,Rules,0.00608696,6
2,test.0624,Rules,0.00393856,6
2,test.0625,Rules,0.00461976,6
2,test.0626,Rules,0.0049755,6
2,test.0627,Rules,0.00448386,6
2,test.0628,Rules,0.00482516,6
2,test.0629,Rules,0.00485914,6
2,test.0630,Rules,0.00517556,6
2,test.0631,Rules,0.00467396,6
2,test.0632,Rules,0.00399736,6
2,test.0633,Rules,0.00416696,6
2,test.0634,Rules,0.00550876,6
2,test.0635,Rules,0.00462434,6
2,test.0636,Rules,0.0046603,6
2,test.0637,Rules,0.00421676,6
2,test.0638,Rules,0.0041826,6
2,test.0639,Rules,0.00446666,6
2,test.0640,Rules,0.00356584,6
2,test.0641,Rules,0.00544086,6
2,test.0642,Rules,0.00434954,6
2,test.0643,Rules,0.00498148,6
2,test.0644,Rules,0.00515712,6
2,test.0645,Rules,0.00405992,6
2,test.0646,Rules,0.0033718,6
2,test.0647,Rules,0.00369468,6
2,test.0648,Rules,0.00513036,6
2,test.0649,Rules,0.00507086,6
2,test.0650,Rules,0.00515786,6
2,test.0651,Rules,0.00441514,6
2,test.0652,Rules,0.00343516,6
2,test.0653,Rules,0.00511776,6
2,test.0654,Rules,0.00407238,6
2,test.0655,Rules,0.00394932,6
2,test.0656,Rules,0.004364,6
2,test.0657,Rules,0.00555476,6
2,test.0658,Rules,0.00591746,6
2,test.0659,Rules,0.00451686,6
2,test.0660,Rules,0.0031626,6
2,test.0661,Formulas,0.00228088,6
2,test.0662,Formulas,0.00247868,6
2,test.0663,Formulas,0.00252948,6
2,test.0664,Formulas,0.00222468,6
2,test.0665,Formulas,0.00241818,6
2,test.0666,Formulas,0.00238568,6
2,test.0667,Formulas,0.00270028,6
2,test.0668,Formulas,0.00230588,6
2,test.0669,Formulas,0.00249738,6
2,test.0670,Formulas,0.00271498,6
2,test.0671,Formulas,0.00211638,6
2,test.0672,Formulas,0.00246676,6
2,test.0673,Formulas,0.00219868,6
2,test.0674,Formulas,0.00240956,6
2,test.0675,Formulas,0.00252052,6
2,test.0676,Formulas,0.00218254,6
2,test.0677,Formulas,0.00250752,6
2,test.0678,Formulas,0.00237372,6
2,test.0679,Formulas,0.00243552,6
2,test.0680,Formulas,0.00223758,6
2,test.0681,Formulas,0.00214788,6
2,test.0682,Formulas,0.00206078,6
2,test.0683,Formulas,0.00214528,6
2,test.0684,Formulas,0.00237918,6
2,test.0685,Formulas,0.00211708,6
2,test.0686,Formulas,0.00206894,6
2,test.0687,Formulas,0.00238528,6
2,test.0688,Formulas,0.00212524,6
2,test.0689,Formulas,0.00210618,6
2,test.0690,Formulas,0.00217498,6
2,test.0691,Formulas,0.00235948,6
2,test.0692,Formulas,0.00223788,6
2,test.0693,Formulas,0.00261498,6
2,test.0694,Formulas,0.00196078,6
2,test.0695,Formulas,0.00241488,6
2,test.0696,Formulas,0.00212634,6
2,test.0697,Formulas,0.00216382,6
2,test.0698,Formulas,0.00222838,6
2,test.0699,Formulas,0.00202958,6
2,test.0700,Formulas,0.00230608,6
2,test.0701,Formulas,0.00188908,6
2,test.0702,Formulas,0.00193008,6
2,test.0703,Formulas,0.00202168,6
2,test.0704,Formulas,0.00194374,6
2,test.0705,Formulas,0.00189648,6
2,test.0706,Formulas,0.0017861,6
2,test.0707,Formulas,0.0018188,6
2,test.0708,Formulas,0.00187594,6
2,test.0709,Formulas,0.00210028,6
2,test.0710,Formulas,0.00208284,6
2,test.0711,Formulas,0.00212258,6
2,test.0712,Formulas,0.00223878,6
2,test.0713,Formulas,0.00209968,6
2,test.0714,Formulas,0.00193638,6
2,test.0715,Formulas,0.00207108,6
2,test.0716,Formulas,0.00205658,6
2,test.0717,Formulas,0.00201818,6
2,test.0718,Formulas,0.00191918,6
2,test.0719,Formulas,0.0019137,6
2,test.0720,Formulas,0.00201844,6
2,test.0721,Formulas,0.0025521,6
2,test.0722,Formulas,0.00225048,6
2,test.0723,Formulas,0.00226718,6
2,test.0724,Formulas,0.00272286,6
2,test.0725,Formulas,0.00226038,6
2,test.0726,Formulas,0.00211998,6
2,test.0727,Formulas,0.00210358,6
2,test.0728,Formulas,0.00249258,6
2,test.0729,Formulas,0.00219758,6
2,test.0730,Formulas,0.00227818,6
2,test.0731,Formulas,0.00243928,6
2,test.0732,Formulas,0.00230748,6
2,test.0733,Formulas,0.00240248,6
2,test.0734,Formulas,0.00206588,6
2,test.0735,Formulas,0.00222278,6
2,test.0736,Formulas,0.00236408,6
2,test.0737,Formulas,0.00205278,6
2,test.0738,Formulas,0.00231098,6
2,test.0739,Formulas,0.00246896,6
2,test.0740,Formulas,0.00235022,6
2,test.0741,Formulas,0.00525326,6
2,test.0742,Formulas,0.00414936,6
2,test.0743,Formulas,0.00314054,6
2,test.0744,Formulas,0.00367376,6
2,test.0745,Formulas,0.00346236,6
2,test.0746,Formulas,0.0036574,6
2,test.0747,Formulas,0.00322306,6
2,test.0748,Formulas,0.00435836,6
2,test.0749,Formulas,0.00325136,6
2,test.0750,Formulas,0.00370846,6
2,test.0751,Formulas,0.00408316,6
2,test.0752,Formulas,0.00382218,6
2,test.0753,Formulas,0.00320958,6
2,test.0754,Formulas,0.0030769,6
2,test.0755,Formulas,0.0053176,6
2,test.0756,Formulas,0.00347136,6
2,test.0757,Formulas,0.00336566,6
2,test.0758,Formulas,0.00242522,6
2,test.0759,Formulas,0.00342676,6
2,test.0760,Formulas,0.00271764,6
2,test.0761,Formulas,0.00375254,6
2,test.0762,Formulas,0.00402504,6
2,test.0763,Formulas,0.00336696,6
2,test.0764,Formulas,0.00456936,6
2,test.0765,Formulas,0.00457256,6
2,test.0766,Formulas,0.00603026,6
2,test.0767,Formulas,0.00427522,6
2,test.0768,Formulas,0.00379736,6
2,test.0769,Formulas,0.00375346,6
2,test.0770,Formulas,0.00563066,6
2,test.0771,Formulas,0.00318102,6
2,test.0772,Formulas,0.00548726,6
2,test.0773,Formulas,0.00433802,6
2,test.0774,Formulas,0.00481096,6
2,test.0775,Formulas,0.00308476,6
2,test.0776,Formulas,0.00319586,6
2,test.0777,Formulas,0.00515356,6
2,test.0778,Formulas,0.0050789,6
2,test.0779,Formulas,0.00533326,6
2,test.0780,Formulas,0.00365946,6
2,test.0781,Formulas,0.00305936,6
2,test.0782,Formulas,0.00293558,6
2,test.0783,Formulas,0.0037516,6
2,test.0784,Formulas,0.00347468,6
2,test.0785,Formulas,0.00428586,6
2,test.0786,Formulas,0.00306836,6
2,test.0787,Formulas,0.00339558,6
2,test.0788,Formulas,0.00237136,6
2,test.0789,Formulas,0.00548036,6
2,test.0790,Formulas,0.00319596,6
2,test.0791,Formulas,0.00277864,6
2,test.0792,Formulas,0.00387284,6
2,test.0793,Formulas,0.00407686,6
2,test.0794,Formulas,0.00457206,6
2,test.0795,Formulas,0.00469406,6
2,test.0796,Formulas,0.00344956,6
2,test.0797,Formulas,0.00458066,6
2,test.0798,Formulas,0.0038013,6
2,test.0799,Formulas,0.003274,6
2,test.0800,Formulas,0.00233968,6
2,test.0801,Formulas,0.00442466,6
2,test.0802,Formulas,0.0039149,6
2,test.0803,Formulas,0.00315746,6
2,test.0804,Formulas,0.00372036,6
2,test.0805,Formulas,0.00329642,6
2,test.0806,Formulas,0.00342198,6
2,test.0807,Formulas,0.00443316,6
2,test.0808,Formulas,0.00359558,6
2,test.0809,Formulas,0.00363624,6
2,test.0810,Formulas,0.00361748,6
2,test.0811,Formulas,0.00368246,6
2,test.0812,Formulas,0.00477906,6
2,test.0813,Formulas,0.00398254,6
2,test.0814,Formulas,0.00340836,6
2,test.0815,Formulas,0.0034182,6
2,test.0816,Formulas,0.00368882,6
2,test.0817,Formulas,0.00371178,6
2,test.0818,Formulas,0.00448236,6
2,test.0819,Formulas,0.00392286,6
2,test.0820,Formulas,0.00420862,6
2,test.0821,Formulas,0.00320206,6
2,test.0822,Formulas,0.00424652,6
2,test.0823,Formulas,0.00397566,6
2,test.0824,Formulas,0.00443136,6
2,test.0825,Formulas,0.00387906,6
2,test.0826,Formulas,0.00442434,6
2,test.0827,Formulas,0.00347474,6
2,test.0828,Formulas,0.00414986,6
2,test.0829,Formulas,0.00399848,6
2,test.0830,Formulas,0.00568716,6
2,test.0831,Formulas,0.00381016,6
2,test.0832,Formulas,0.00409974,6
2,test.0833,Formulas,0.00482036,6
2,test.0834,Formulas,0.00506006,6
2,test.0835,Formulas,0.00341496,6
2,test.0836,Formulas,0.00510916,6
2,test.0837,Formulas,0.00420086,6
2,test.0838,Formulas,0.00405506,6
2,test.0839,Formulas,0.00368922,6
2,test.0840,Formulas,0.00446114,6
2,test.0841,Formulas,0.00536064,6
2,test.0842,Formulas,0.00407716,6
2,test.0843,Formulas,0.00473006,6
2,test.0844,Formulas,0.0045732,6
2,test.0845,Formulas,0.00370216,6
2,test.0846,Formulas,0.00431186,6
2,test.0847,Formulas,0.00403324,6
2,test.0848,Formulas,0.00520626,6
2,test.0849,Formulas,0.00448326,6
2,test.0850,Formulas,0.00441624,6
2,test.0851,Formulas,0.00453036,6
2,test.0852,Formulas,0.00467016,6
2,test.0853,Formulas,0.00407636,6
2,test.0854,Formulas,0.00492616,6
2,test.0855,Formulas,0.00439176,6
2,test.0856,Formulas,0.00523516,6
2,test.0857,Formulas,0.00459986,6
2,test.0858,Formulas,0.00374542,6
2,test.0859,Formulas,0.00515336,6
2,test.0860,Formulas,0.00421746,6
2,test.0861,Formulas,0.00633646,6
2,test.0862,Formulas,0.00376646,6
2,test.0863,Formulas,0.00390554,6
2,test.0864,Formulas,0.00513636,6
2,test.0865,Formulas,0.00471424,6
2,test.0866,Formulas,0.00493476,6
2,test.0867,Formulas,0.00345736,6
2,test.0868,Formulas,0.00362028,6
2,test.0869,Formulas,0.00373386,6
2,test.0870,Formulas,0.00392476,6
2,test.0871,Formulas,0.00440086,6
2,test.0872,Formulas,0.00475648,6
2,test.0873,Formulas,0.00394446,6
2,test.0874,Formulas,0.00488256,6
2,test.0875,Formulas,0.00667436,6
2,test.0876,Formulas,0.00449066,6
2,test.0877,Formulas,0.00396226,6
2,test.0878,Formulas,0.00494076,6
2,test.0879,Formulas,0.00577206,6
2,test.0880,Formulas,0.00502754,6
2,test.0881,Rules,0.00726286,6
2,test.0882,Rules,0.00745546,6
2,test.0883,Rules,0.00782538,6
2,test.0884,Rules,0.00738346,6
2,test.0885,Rules,0.00585266,6
2,test.0886,Rules,0.0067729,6
2,test.0887,Rules,0.005983,6
2,test.0888,Rules,0.00738032,6
2,test.0889,Rules,0.00666136,6
2,test.0890,Rules,0.00668212,6
2,test.0891,Rules,0.00728376,6
2,test.0892,Rules,0.00788846,6
2,test.0893,Rules,0.00802656,6
2,test.0894,Rules,0.0071862,6
2,test.0895,Rules,0.00615242,6
2,test.0896,Rules,0.00761832,6
2,test.0897,Rules,0.0066686,6
2,test.0898,Rules,0.00656366,6
2,test.0899,Rules,0.00731936,6
2,test.0900,Rules,0.00682326,6
2,test.0901,Rules,0.00336658,6
2,test.0902,Rules,0.00346738,6
2,test.0903,Rules,0.00446906,6
2,test.0904,Rules,0.00353604,6
2,test.0905,Rules,0.00358892,6
2,test.0906,Rules,0.00366916,6
2,test.0907,Rules,0.00440396,6
2,test.0908,Rules,0.00336618,6
2,test.0909,Rules,0.00354642,6
2,test.0910,Rules,0.00380146,6
2,test.0911,Rules,0.00363016,6
2,test.0912,Rules,0.00406986,6
2,test.0913,Rules,0.0032175,6
2,test.0914,Rules,0.00380646,6
2,test.0915,Rules,0.00425856,6
2,test.0916,Rules,0.00375022,6
2,test.0917,Rules,0.00360356,6
2,test.0918,Rules,0.00369106,6
2,test.0919,Rules,0.00392396,6
2,test.0920,Rules,0.00646114,6
2,test.0921,Rules,0.0094574,6
2,test.0922,Rules,0.0100466,6
2,test.0923,Rules,0.01074438,6
2,test.0924,Rules,0.01136286,6
2,test.0925,Rules,0.01128516,6
2,test.0926,Rules,0.01138436,6
2,test.0927,Rules,0.01158296,6
2,test.0928,Rules,0.01279476,6
2,test.0929,Rules,0.0094444,6
2,test.0930,Rules,0.01041026,6
2,test.0931,Rules,0.01003856,6
2,test.0932,Rules,0.00990492,6
2,test.0933,Rules,0.01023316,6
2,test.0934,Rules,0.0119843,6
2,test.0935,Rules,0.0122103,6
2,test.0936,Rules,0.01148478,6
2,test.0937,Rules,0.01189796,6
2,test.0938,Rules,0.01187106,6
2,test.0939,Rules,0.01132556,6
2,test.0940,Rules,0.01027056,6
2,test.0941,Rules,0.00710616,6
2,test.0942,Rules,0.00968912,6
2,test.0943,Rules,0.00752516,6
2,test.0944,Rules,0.00881946,6
2,test.0945,Rules,0.00993538,6
2,test.0946,Rules,0.00843264,6
2,test.0947,Rules,0.00888906,6
2,test.0948,Rules,0.00824326,6
2,test.0949,Rules,0.00770666,6
2,test.0950,Rules,0.0086446,6
2,test.0951,Rules,0.00647422,6
2,test.0952,Rules,0.00909426,6
2,test.0953,Rules,0.01004366,6
2,test.0954,Rules,0.00907476,6
2,test.0955,Rules,0.00848566,6
2,test.0956,Rules,0.00729554,6
2,test.0957,Rules,0.00818686,6
2,test.0958,Rules,0.00976396,6
2,test.0959,Rules,0.00958146,6
2,test.0960,Rules,0.00832526,6
2,test.0961,Rules,0.00615326,6
2,test.0962,Rules,0.00446954,6
2,test.0963,Rules,0.00472676,6
2,test.0964,Rules,0.00408128,6
2,test.0965,Rules,0.00574632,6
2,test.0966,Rules,0.00577802,6
2,test.0967,Rules,0.00548908,6
2,test.0968,Rules,0.00558736,6
2,test.0969,Rules,0.00508836,6
2,test.0970,Rules,0.00584356,6
2,test.0971,Rules,0.00449056,6
2,test.0972,Rules,0.00520866,6
2,test.0973,Rules,0.00427266,6
2,test.0974,Rules,0.00543606,6
2,test.0975,Rules,0.00549236,6
2,test.0976,Rules,0.00478886,6
2,test.0977,Rules,0.00516956,6
2,test.0978,Rules,0.00503056,6
2,test.0979,Rules,0.00521116,6
2,test.0980,Rules,0.00506908,6
2,test.1001,Formulas,0.00197166,6
2,test.1002,Formulas,0.00186146,6
2,test.1003,Formulas,0.00280536,6
2,test.1004,Formulas,0.00245298,6
2,test.1005,Formulas,0.00195866,6
2,test.1006,Formulas,0.00209826,6
2,test.1007,Formulas,0.00294136,6
2,test.1008,Formulas,0.00321516,6
2,test.1009,Formulas,0.00225666,6
2,test.1010,Formulas,0.00281042,6
2,test.1011,Formulas,0.00214196,6
2,test.1012,Formulas,0.00199082,6
2,test.1013,Formulas,0.00397476,6
2,test.1014,Formulas,0.002139,6
2,test.1015,Formulas,0.00211356,6
2,test.1016,Formulas,0.00224804,6
2,test.1017,Formulas,0.00255946,6
2,test.1018,Formulas,0.00227564,6
2,test.1019,Formulas,0.00195334,6
2,test.1020,Formulas,0.00254576,6
2,test.1021,Formulas,0.00213986,6
2,test.1022,Formulas,0.00193796,6
2,test.1023,Formulas,0.00220726,6
2,test.1024,Formulas,0.00196658,6
2,test.1025,Formulas,0.00191446,6
2,test.1026,Formulas,0.00232122,6
2,test.1027,Formulas,0.00220736,6
2,test.1028,Formulas,0.00247326,6
2,test.1029,Formulas,0.00187902,6
2,test.1030,Formulas,0.00227814,6
2,test.1031,Formulas,0.00198256,6
2,test.1032,Formulas,0.00209156,6
2,test.1033,Formulas,0.00214106,6
2,test.1034,Formulas,0.00246046,6
2,test.1035,Formulas,0.0022086,6
2,test.1036,Formulas,0.00204126,6
2,test.1037,Formulas,0.00193486,6
2,test.1038,Formulas,0.00199258,6
2,test.1039,Formulas,0.00197076,6
2,test.1040,Formulas,0.00217676,6
2,test.1041,Formulas,0.0032643,6
2,test.1042,Formulas,0.00351424,6
2,test.1043,Formulas,0.00396276,6
2,test.1044,Formulas,0.00236594,6
2,test.1045,Formulas,0.00480778,6
2,test.1046,Formulas,0.00239584,6
2,test.1047,Formulas,0.00356386,6
2,test.1048,Formulas,0.00303126,6
2,test.1049,Formulas,0.00399276,6
2,test.1050,Formulas,0.00445932,6
2,test.1051,Formulas,0.00253564,6
2,test.1052,Formulas,0.0032194,6
2,test.1053,Formulas,0.00381036,6
2,test.1054,Formulas,0.00227166,6
2,test.1055,Formulas,0.00232694,6
2,test.1056,Formulas,0.00377916,6
2,test.1057,Formulas,0.00286206,6
2,test.1058,Formulas,0.00354396,6
2,test.1059,Formulas,0.00294396,6
2,test.1060,Formulas,0.00316192,6
3,test.0001,Formulas,0.01202142,11
3,test.0002,Formulas,0.01374587,11
3,test.0003,Formulas,0.01276478,11
3,test.0004,Formulas,0.01063705,11
3,test.0005,Formulas,0.01313942,11
3,test.0006,Formulas,0.01364906,11
3,test.0007,Formulas,0.01099507,11
3,test.0008,Formulas,0.01382858,11
3,test.0009,Formulas,0.01318312,11
3,test.0010,Formulas,0.01431005,11
3,test.0011,Formulas,0.01314883,11
3,test.0012,Formulas,0.01243584,11
3,test.0013,Formulas,0.01087018,11
3,test.0014,Formulas,0.01237573,11
3,test.0015,Formulas,0.01222073,11
3,test.0016,Formulas,0.01293436,11
3,test.0017,Formulas,0.01090833,11
3,test.0018,Formulas,0.0130563,11
3,test.0019,Formulas,0.01351292,11
3,test.0020,Formulas,0.01228951,11
3,test.0021,Formulas,0.01259072,11
3,test.0022,Formulas,0.01330738,11
3,test.0023,Formulas,0.01190422,11
3,test.0024,Formulas,0.01268182,11
3,test.0025,Formulas,0.0115977,11
3,test.0026,Formulas,0.01178727,11
3,test.0027,Formulas,0.01271069,11
3,test.0028,Formulas,0.01258359,11
3,test.0029,Formulas,0.01176637,11
3,test.0030,Formulas,0.01222261,11
3,test.0031,Formulas,0.01337212,11
3,test.0032,Formulas,0.012598,11
3,test.0033,Formulas,0.0122142,11
3,test.0034,Formulas,0.01138438,11
3,test.0035,Formulas,0.01321758,11
3,test.0036,Formulas,0.01414136,11
3,test.0037,Formulas,0.01402543,11
3,test.0038,Formulas,0.01268713,11
3,test.0039,Formulas,0.01217781,11
3,test.0040,Formulas,0.01296768,11
3,test.0041,Rules,0.0107336,11
3,test.0042,Rules,0.0091402,11
3,test.0043,Rules,0.01098568,11
3,test.0044,Rules,0.01949844,22
3,test.0045,Rules,0.00963667,11
3,test.0046,Rules,0.00919678,11
3,test.0047,Rules,0.01109688,11
3,test.0048,Rules,0.01173078,11
3,test.0049,Rules,0.00964449,11
3,test.0050,Rules,0.00946764,11
3,test.0051,Rules,0.01150397,11
3,test.0052,Rules,0.01090124,11
3,test.0053,Rules,0.00975141,11
3,test.0054,Rules,0.00933255,11
3,test.0055,Rules,0.01084083,11
3,test.0056,Rules,0.01115381,11
3,test.0057,Rules,0.00957736,11
3,test.0058,Rules,0.01173092,11
3,test.0059,Rules,0.00980552,11
3,test.0060,Rules,0.00990468,11
3,test.0061,Formulas,0.00713526,11
3,test.0062,Formulas,0.00640535,11
3,test.0063,Formulas,0.00778143,11
3,test.0064,Formulas,0.00720174,11
3,test.0065,Formulas,0.00803846,11
3,test.0066,Formulas,0.00662085,11
3,test.0067,Formulas,0.00656859,11
3,test.0068,Formulas,0.00717971,11
3,test.0069,Formulas,0.00651294,11
3,test.0070,Formulas,0.0065535,11
3,test.0071,Formulas,0.0061177,11
3,test.0072,Formulas,0.00782393,11
3,test.0073,Formulas,0.00698139,11
3,test.0074,Formulas,0.006447,11
3,test.0075,Formulas,0.00713373,11
3,test.0076,Formulas,0.00670682,11
3,test.0077,Formulas,0.00726723,11
3,test.0078,Formulas,0.0102667,11
3,test.0079,Formulas,0.00666,11
3,test.0080,Formulas,0.00978103,11
3,test.0081,Formulas,0.00712059,11
3,test.0082,Formulas,0.01045698,11
3,test.0083,Formulas,0.00719476,11
3,test.0084,Formulas,0.00790846,11
3,test.0085,Formulas,0.00698755,11
3,test.0086,Formulas,0.00784989,11
3,test.0087,Formulas,0.00710222,11
3,test.0088,Formulas,0.00798586,11
3,test.0089,Formulas,0.00700027,11
3,test.0090,Formulas,0.0070184,11
3,test.0091,Formulas,0.00789343,11
3,test.0092,Formulas,0.00908503,11
3,test.0093,Formulas,0.01041015,11
3,test.0094,Formulas,0.00663092,11
3,test.0095,Formulas,0.00764351,11
3,test.0096,Formulas,0.00751413,11
3,test.0097,Formulas,0.00726371,11
3,test.0098,Formulas,0.00770957,11
3,test.0099,Formulas,0.00685931,11
3,test.0100,Formulas,0.00797,11
3,test.0101,Formulas,0.00730229,11
3,test.0102,Formulas,0.00813795,11
3,test.0103,Formulas,0.00759246,11
3,test.0104,Formulas,0.00840652,11
3,test.0105,Formulas,0.00869167,11
3,test.0106,Formulas,0.0077524,11
3,test.0107,Formulas,0.00783988,11
3,test.0108,Formulas,0.00961386,11
3,test.0109,Formulas,0.00790338,11
3,test.0110,Formulas,0.00777617,11
3,test.0111,Formulas,0.00958165,11
3,test.0112,Formulas,0.00880167,11
3,test.0113,Formulas,0.008864,11
3,test.0114,Formulas,0.0088716,11
3,test.0115,Formulas,0.00775058,11
3,test.0116,Formulas,0.00745491,11
3,test.0117,Formulas,0.00928916,11
3,test.0118,Formulas,0.01002387,11
3,test.0119,Formulas,0.00814679,11
3,test.0120,Formulas,0.01038329,11
3,test.0121,Rules,0.01167851,11
3,test.0122,Rules,0.01251095,11
3,test.0123,Rules,0.01171793,11
3,test.0124,Rules,0.01236533,11
3,test.0125,Rules,0.01242176,11
3,test.0126,Rules,0.01094299,11
3,test.0127,Rules,0.01263062,11
3,test.0128,Rules,0.01229093,11
3,test.0129,Rules,0.00990176,11
3,test.0130,Rules,0.01120204,11
3,test.0131,Rules,0.01144941,11
3,test.0132,Rules,0.01062297,11
3,test.0133,Rules,0.01086327,12
3,test.0134,Rules,0.0113813,11
3,test.0135,Rules,0.01111977,11
3,test.0136,Rules,0.0125237,11
3,test.0137,Rules,0.01237114,11
3,test.0138,Rules,0.0113782,11
3,test.0139,Rules,0.01185422,11
3,test.0140,Rules,0.01190441,12
3,test.0141,Formulas,0.01127729,11
3,test.0142,Formulas,0.00991915,11
3,test.0143,Formulas,0.01249509,11
3,test.0144,Formulas,0.01165361,11
3,test.0145,Formulas,0.0117999,11
3,test.0146,Formulas,0.00998281,11
3,test.0147,Formulas,0.01048781,11
3,test.0148,Formulas,0.01224126,11
3,test.0149,Formulas,0.01112529,11
3,test.0150,Formulas,0.01061295,11
3,test.0151,Formulas,0.01119156,11
3,test.0152,Formulas,0.01068162,11
3,test.0153,Formulas,0.0102319,11
3,test.0154,Formulas,0.01027335,11
3,test.0155,Formulas,0.01113642,11
3,test.0156,Formulas,0.00991852,11
3,test.0157,Formulas,0.01082664,11
3,test.0158,Formulas,0.00939926,11
3,test.0159,Formulas,0.01125561,11
3,test.0160,Formulas,0.01096199,11
3,test.0161,Formulas,0.00905985,11
3,test.0162,Formulas,0.00850016,11
3,test.0163,Formulas,0.00799757,11
3,test.0164,Formulas,0.00999235,11
3,test.0165,Formulas,0.00893964,11
3,test.0166,Formulas,0.00909914,11
3,test.0167,Formulas,0.00734934,11
3,test.0168,Formulas,0.00917448,11
3,test.0169,Formulas,0.00789974,11
3,test.0170,Formulas,0.00910487,11
3,test.0171,Formulas,0.0095828,11
3,test.0172,Formulas,0.00846195,11
3,test.0173,Formulas,0.0086048,11
3,test.0174,Formulas,0.00696962,11
3,test.0175,Formulas,0.00878702,11
3,test.0176,Formulas,0.009057,11
3,test.0177,Formulas,0.00831335,11
3,test.0178,Formulas,0.00955965,11
3,test.0179,Formulas,0.0077903,11
3,test.0180,Formulas,0.00758598,11
3,test.0181,Formulas,0.00677967,11
3,test.0182,Formulas,0.00699502,11
3,test.0183,Formulas,0.00687722,11
3,test.0184,Formulas,0.00738012,11
3,test.0185,Formulas,0.00672585,11
3,test.0186,Formulas,0.0066214,11
3,test.0187,Formulas,0.00660269,11
3,test.0188,Formulas,0.00663594,11
3,test.0189,Formulas,0.00635288,11
3,test.0190,Formulas,0.00674094,11
3,test.0191,Formulas,0.00678607,11
3,test.0192,Formulas,0.00675557,11
3,test.0193,Formulas,0.00705005,11
3,test.0194,Formulas,0.00686867,11
3,test.0195,Formulas,0.00621772,11
3,test.0196,Formulas,0.00685568,11
3,test.0197,Formulas,0.00716548,11
3,test.0198,Formulas,0.00654848,11
3,test.0199,Formulas,0.00723447,11
3,test.0200,Formulas,0.00644482,11
3,test.0201,Rules,0.01080308,11
3,test.0202,Rules,0.0118366,11
3,test.0203,Rules,0.01082932,11
3,test.0204,Rules,0.01236711,11
3,test.0205,Rules,0.01265367,11
3,test.0206,Rules,0.01127076,11
3,test.0207,Rules,0.01231244,11
3,test.0208,Rules,0.01346203,11
3,test.0209,Rules,0.01350761,11
3,test.0210,Rules,0.01202484,11
3,test.0211,Rules,0.01057456,11
3,test.0212,Rules,0.01135807,11
3,test.0213,Rules,0.01179228,11
3,test.0214,Rules,0.01147139,11
3,test.0215,Rules,0.01259994,11
3,test.0216,Rules,0.01107067,11
3,test.0217;test.0218,Rules,0.02201318,22
3,test.0219,Rules,0.01126886,11
3,test.0220,Rules,0.00979978,11
3,test.0221,Rules,0.01297227,11
3,test.0222,Rules,0.0242857,22
3,test.0223,Rules,0.01304253,11
3,test.0224,Rules,0.01262872,11
3,test.0225,Rules,0.01261955,11
3,test.0226,Rules,0.01315203,11
3,test.0227,Rules,0.01250822,11
3,test.0228,Rules,0.01287285,11
3,test.0229,Rules,0.01298731,11
3,test.0230,Rules,0.01251264,11
3,test.0231,Rules,0.01142196,11
3,test.0232,Rules,0.01300345,11
3,test.0233,Rules,0.01295186,11
3,test.0234,Rules,0.01304489,11
3,test.0235,Rules,0.01263211,11
3,test.0236,Rules,0.01309991,11
3,test.0237,Rules,0.01333346,11
3,test.0238,Rules,0.01297557,11
3,test.0239,Rules,0.01257928,11
3,test.0240,Rules,0.01405618,11
3,test.0241,Rules,0.01247692,11
3,test.0242,Rules,0.01168,11
3,test.0243,Rules,0.01135579,11
3,test.0244,Rules,0.01224746,11
3,test.0245,Rules,0.01316031,11
3,test.0246,Rules,0.01372158,11
3,test.0247,Rules,0.0122183,11
3,test.0248,Rules,0.01131999,11
3,test.0249,Rules,0.0119208,11
3,test.0250,Rules,0.01096907,11
3,test.0251,Rules,0.01140678,11
3,test.0252,Rules,0.0114882,11
3,test.0253,Rules,0.01215136,11
3,test.0254,Rules,0.01202164,11
3,test.0255,Rules,0.01170041,11
3,test.0256,Rules,0.01074671,11
3,test.0257,Rules,0.01219447,11
3,test.0258,Rules,0.01202488,11
3,test.0259,Rules,0.0125298,11
3,test.0260,Rules,0.01250004,11
3,test.0261,Rules,0.01338916,11
3,test.0262,Rules,0.01288687,11
3,test.0263,Rules,0.0121622,11
3,test.0264,Rules,0.01290776,11
3,test.0265,Rules,0.01293292,11
3,test.0266,Rules,0.01195807,11
3,test.0267,Rules,0.01177836,11
3,test.0268,Rules,0.01021379,11
3,test.0269,Rules,0.01103598,11
3,test.0270,Rules,0.0137947,11
3,test.0271,Rules,0.01191445,11
3,test.0272,Rules,0.01307568,11
3,test.0273,Rules,0.01341872,11
3,test.0274,Rules,0.01407654,11
3,test.0275,Rules,0.01153691,11
3,test.0276,Rules,0.01228118,11
3,test.0277,Rules,0.01081863,11
3,test.0278,Rules,0.01167362,11
3,test.0279,Rules,0.0150101,11
3,test.0280,Rules,0.01289983,11
3,test.0281,Formulas,0.00867353,11
3,test.0282,Formulas,0.01069629,11
3,test.0283,Formulas,0.00769135,11
3,test.0284,Formulas,0.00872732,11
3,test.0285,Formulas,0.00786935,11
3,test.0286,Formulas,0.00791831,11
3,test.0287,Formulas,0.00887604,11
3,test.0288,Formulas,0.00820025,11
3,test.0289,Formulas,0.00879432,11
3,test.0290,Formulas,0.00853656,11
3,test.0291,Formulas,0.00800435,11
3,test.0292,Formulas,0.00897439,11
3,test.0293,Formulas,0.00928554,11
3,test.0294,Formulas,0.00885559,11
3,test.0295,Formulas,0.00792625,11
3,test.0296,Formulas,0.00881135,11
3,test.0297,Formulas,0.00919284,11
3,test.0298,Formulas,0.00788006,11
3,test.0299,Formulas,0.00863654,11
3,test.0300,Formulas,0.01044105,11
3,test.0301,Rules,0.00988359,11
3,test.0302,Rules,0.00951393,11
3,test.0303,Rules,0.00904042,11
3,test.0304,Rules,0.0102519,11
3,test.0305,Rules,0.00895746,11
3,test.0306,Rules,0.00938766,11
3,test.0307,Rules,0.01028604,11
3,test.0308,Rules,0.01012847,11
3,test.0309,Rules,0.0094126,11
3,test.0310,Rules,0.01208142,11
3,test.0311,Rules,0.00853385,11
3,test.0312,Rules,0.0113657,11
3,test.0313,Rules,0.01120575,11
3,test.0314,Rules,0.00884311,11
3,test.0315,Rules,0.01043337,11
3,test.0316,Rules,0.00914755,11
3,test.0317,Rules,0.00994012,11
3,test.0318,Rules,0.00844771,11
3,test.0319,Rules,0.00850346,11
3,test.0320,Rules,0.00861978,11
3,test.0321,Formulas,0.00878397,11
3,test.0322,Formulas,0.00860475,11
3,test.0323,Formulas,0.00934948,11
3,test.0324,Formulas,0.00872078,11
3,test.0325,Formulas,0.00834014,11
3,test.0326,Formulas,0.00821716,11
3,test.0327,Formulas,0.00800736,11
3,test.0328,Formulas,0.00896622,11
3,test.0329,Formulas,0.00836908,11
3,test.0330,Formulas,0.0105897,11
3,test.0331,Formulas,0.00807416,11
3,test.0332,Formulas,0.00848714,11
3,test.0333,Formulas,0.0109138,11
3,test.0334,Formulas,0.00825321,11
3,test.0335,Formulas,0.0096506,11
3,test.0336,Formulas,0.0096413,11
3,test.0337,Formulas,0.00833478,11
3,test.0338,Formulas,0.00905516,11
3,test.0339,Formulas,0.00891697,11
3,test.0340,Formulas,0.00869969,11
3,test.0341,Formulas,0.01322872,11
3,test.0342,Formulas,0.01299989,11
3,test.0343,Formulas,0.0135258,11
3,test.0344,Formulas,0.01449297,11
3,test.0345,Formulas,0.01240282,11
3,test.0346,Formulas,0.01231574,11
3,test.0347,Formulas,0.01253567,11
3,test.0348,Formulas,0.01278402,11
3,test.0349,Formulas,0.01115591,11
3,test.0350,Formulas,0.01343647,11
3,test.0351,Formulas,0.01225111,11
3,test.0352,Formulas,0.01075087,11
3,test.0353,Formulas,0.01211531,11
3,test.0354,Formulas,0.01236245,11
3,test.0355,Formulas,0.01203139,11
3,test.0356,Formulas,0.01268279,11
3,test.0357,Formulas,0.01365886,11
3,test.0358,Formulas,0.01249977,11
3,test.0359,Formulas,0.01325734,11
3,test.0360,Formulas,0.01392897,11
3,test.0361,Rules,0.01456354,11
3,test.0362,Rules,0.01390959,11
3,test.0363,Rules,0.01324911,11
3,test.0364,Rules,0.01210782,11
3,test.0365,Rules,0.0152322,11
3,test.0366,Rules,0.01295045,11
3,test.0367,Rules,0.01251743,11
3,test.0368,Rules,0.01251172,11
3,test.0369,Rules,0.01453322,11
3,test.0370,Rules,0.01365551,11
3,test.0371,Rules,0.01210552,11
3,test.0372,Rules,0.01355589,11
3,test.0373,Rules,0.0118648,11
3,test.0374,Rules,0.01063021,11
3,test.0375,Rules,0.01396394,11
3,test.0376,Rules,0.01442987,11
3,test.0377,Rules,0.01499917,11
3,test.0378,Rules,0.01505083,11
3,test.0379,Rules,0.01471525,11
3,test.0380,Rules,0.01695435,11
3,test.0381,Formulas,0.00762427,11
3,test.0382,Formulas,0.00875097,11
3,test.0383,Formulas,0.00747008,11
3,test.0384,Formulas,0.00877983,11
3,test.0385,Formulas,0.00762783,11
3,test.0386,Formulas,0.00734973,11
3,test.0387,Formulas,0.00812144,11
3,test.0388,Formulas,0.00887308,11
3,test.0389,Formulas,0.00763732,11
3,test.0390,Formulas,0.00836462,11
3,test.0391,Formulas,0.00889685,11
3,test.0392,Formulas,0.00713051,11
3,test.0393,Formulas,0.00791303,11
3,test.0394,Formulas,0.00758762,11
3,test.0395,Formulas,0.00885612,11
3,test.0396,Formulas,0.00827031,11
3,test.0397,Formulas,0.00900559,11
3,test.0398,Formulas,0.00858255,11
3,test.0399,Formulas,0.00772094,11
3,test.0400,Formulas,0.00792156,11
3,test.0401,Rules,0.01281051,11
3,test.0402,Rules,0.01215163,11
3,test.0403,Rules,0.0119711,11
3,test.0404,Rules,0.01193701,11
3,test.0405,Rules,0.01114222,11
3,test.0406,Rules,0.01302011,11
3,test.0407,Rules,0.0139965,11
3,test.0408,Rules,0.01279832,11
3,test.0409,Rules,0.01265818,11
3,test.0410,Rules,0.01347727,11
3,test.0411,Rules,0.01237709,11
3,test.0412,Rules,0.01350322,11
3,test.0413,Rules,0.01346792,11
3,test.0414,Rules,0.01059894,11
3,test.0415,Rules,0.0134414,11
3,test.0416,Rules,0.01390941,11
3,test.0417,Rules,0.01206618,11
3,test.0418,Rules,0.01380802,11
3,test.0419,Rules,0.01220477,11
3,test.0420,Rules,0.01280751,11
3,test.0421,Formulas,0.01026423,11
3,test.0422,Formulas,0.00786899,11
3,test.0423,Formulas,0.0075242,11
3,test.0424,Formulas,0.00914848,11
3,test.0425,Formulas,0.01067897,11
3,test.0426,Formulas,0.00850494,11
3,test.0427,Formulas,0.00826081,11
3,test.0428,Formulas,0.01129435,11
3,test.0429,Formulas,0.0096159,11
3,test.0430,Formulas,0.00777722,11
3,test.0431,Formulas,0.00763117,11
3,test.0432,Formulas,0.00751746,11
3,test.0433,Formulas,0.0124222,11
3,test.0434,Formulas,0.00856534,11
3,test.0435,Formulas,0.0089974,11
3,test.0436,Formulas,0.00836687,11
3,test.0437,Formulas,0.00708836,11
3,test.0438,Formulas,0.00866835,11
3,test.0439,Formulas,0.00901684,11
3,test.0440,Formulas,0.00729132,11
3,test.0441,Formulas,0.0084828,11
3,test.0442,Formulas,0.00766538,11
3,test.0443,Formulas,0.00717448,11
3,test.0444,Formulas,0.00718956,11
3,test.0445,Formulas,0.00730548,11
3,test.0446,Formulas,0.00777733,11
3,test.0447,Formulas,0.00713233,11
3,test.0448,Formulas,0.00752687,11
3,test.0449,Formulas,0.00744116,11
3,test.0450,Formulas,0.00643205,11
3,test.0451,Formulas,0.00762074,11
3,test.0452,Formulas,0.00763232,11
3,test.0453,Formulas,0.00751589,11
3,test.0454,Formulas,0.00777846,11
3,test.0455,Formulas,0.00749499,11
3,test.0456,Formulas,0.00792676,11
3,test.0457,Formulas,0.00779951,11
3,test.0458,Formulas,0.00774368,11
3,test.0459,Formulas,0.00746598,11
3,test.0460,Formulas,0.00740891,11
3,test.0461,Rules,0.01440458,11
3,test.0462,Rules,0.01083238,11
3,test.0463,Rules,0.01344333,11
3,test.0464,Rules,0.01271324,11
3,test.0465,Rules,0.01498987,11
3,test.0466,Rules,0.01141431,11
3,test.0467,Rules,0.01319231,11
3,test.0468,Rules,0.01174035,11
3,test.0469,Rules,0.01313025,11
3,test.0470,Rules,0.01174316,11
3,test.0471,Rules,0.01250583,11
3,test.0472,Rules,0.01145361,11
3,test.0473,Rules,0.01124954,11
3,test.0474,Rules,0.01249935,11
3,test.0475,Rules,0.01367051,11
3,test.0476,Rules,0.01137372,11
3,test.0477,Rules,0.0103536,11
3,test.0478,Rules,0.01418125,11
3,test.0479,Rules,0.01282796,11
3,test.0480,Rules,0.01174874,11
3,test.0481,Rules,0.00948383,11
3,test.0482,Rules,0.01063055,11
3,test.0483,Rules,0.00974565,11
3,test.0484,Rules,0.009193,11
3,test.0485,Rules,0.00896455,11
3,test.0486,Rules,0.01023469,11
3,test.0487,Rules,0.01148123,11
3,test.0488,Rules,0.00953724,11
3,test.0489,Rules,0.00839007,11
3,test.0490,Rules,0.01048035,11
3,test.0491,Rules,0.00874879,11
3,test.0492,Rules,0.01063865,11
3,test.0493,Rules,0.0095449,11
3,test.0494,Rules,0.00856715,11
3,test.0495,Rules,0.01088515,11
3,test.0496,Rules,0.00910208,11
3,test.0497,Rules,0.00940285,11
3,test.0498,Rules,0.00944721,11
3,test.0499,Rules,0.0095849,11
3,test.0500,Rules,0.00894374,11
3,test.0501,Formulas,0.01242766,11
3,test.0502,Formulas,0.01408129,11
3,test.0503,Formulas,0.01140722,11
3,test.0504,Formulas,0.00938331,11
3,test.0505,Formulas,0.01211771,11
3,test.0506,Formulas,0.01127713,11
3,test.0507,Formulas,0.01006055,11
3,test.0508,Formulas,0.00952723,11
3,test.0509,Formulas,0.00954547,11
3,test.0510,Formulas,0.00988073,11
3,test.0511,Formulas,0.01162047,11
3,test.0512,Formulas,0.01076471,11
3,test.0513,Formulas,0.01008235,11
3,test.0514,Formulas,0.01250032,11
3,test.0515,Formulas,0.00859771,11
3,test.0516,Formulas,0.01018832,11
3,test.0517,Formulas,0.00887608,11
3,test.0518,Formulas,0.01033374,11
3,test.0519,Formulas,0.01205871,11
3,test.0520,Formulas,0.01083512,11
3,test.0521,Formulas,0.00766129,11
3,test.0522,Formulas,0.00766296,11
3,test.0523,Formulas,0.00707105,11
3,test.0524,Formulas,0.00676277,11
3,test.0525,Formulas,0.00788216,11
3,test.0526,Formulas,0.00996961,11
3,test.0527,Formulas,0.00867257,11
3,test.0528,Formulas,0.00763112,11
3,test.0529,Formulas,0.00986309,11
3,test.0530,Formulas,0.00631924,11
3,test.0531,Formulas,0.00673386,11
3,test.0532,Formulas,0.00766294,11
3,test.0533,Formulas,0.008275,11
3,test.0534,Formulas,0.00820188,11
3,test.0535,Formulas,0.00851496,11
3,test.0536,Formulas,0.00769405,11
3,test.0537,Formulas,0.00919307,11
3,test.0538,Formulas,0.008173,11
3,test.0539,Formulas,0.00930284,11
3,test.0540,Formulas,0.00751605,11
3,test.0541,Rules,0.00935131,11
3,test.0542,Rules,0.01043621,11
3,test.0543,Rules,0.00962594,11
3,test.0544,Rules,0.0096808,11
3,test.0545,Rules,0.01224224,11
3,test.0546,Rules,0.00983223,11
3,test.0547,Rules,0.00918808,11
3,test.0548,Rules,0.0089819,11
3,test.0549,Rules,0.01059313,11
3,test.0550,Rules,0.00966734,11
3,test.0551,Rules,0.01044697,11
3,test.0552,Rules,0.00859845,11
3,test.0553,Rules,0.00918171,11
3,test.0554,Rules,0.01105412,11
3,test.0555,Rules,0.01038525,11
3,test.0556,Rules,0.01092257,11
3,test.0557,Rules,0.00994262,11
3,test.0558,Rules,0.00899944,11
3,test.0559,Rules,0.00951586,11
3,test.0560,Rules,0.01067318,11
3,test.0561,Formulas,0.008783,11
3,test.0562,Formulas,0.00897781,11
3,test.0563,Formulas,0.01096274,11
3,test.0564,Formulas,0.01055807,11
3,test.0565,Formulas,0.00977361,11
3,test.0566,Formulas,0.0094045,11
3,test.0567,Formulas,0.00870612,11
3,test.0568,Formulas,0.00944789,11
3,test.0569,Formulas,0.00916204,11
3,test.0570,Formulas,0.00906774,11
3,test.0571,Formulas,0.00910627,11
3,test.0572,Formulas,0.00899908,11
3,test.0573,Formulas,0.00940319,11
3,test.0574,Formulas,0.009257,11
3,test.0575,Formulas,0.00953378,11
3,test.0576,Formulas,0.00980233,11
3,test.0577,Formulas,0.0094383,11
3,test.0578,Formulas,0.00947026,11
3,test.0579,Formulas,0.00962784,11
3,test.0580,Formulas,0.01000173,11
3,test.0581,Formulas,0.0083726,11
3,test.0582,Formulas,0.00964387,11
3,test.0583,Formulas,0.0079512,11
3,test.0584,Formulas,0.00836886,11
3,test.0585,Formulas,0.00841523,11
3,test.0586,Formulas,0.00795433,11
3,test.0587,Formulas,0.00843249,11
3,test.0588,Formulas,0.00774669,11
3,test.0589,Formulas,0.00846811,11
3,test.0590,Formulas,0.00897394,11
3,test.0591,Formulas,0.00847246,11
3,test.0592,Formulas,0.00757938,11
3,test.0593,Formulas,0.00826894,11
3,test.0594,Formulas,0.00778328,11
3,test.0595,Formulas,0.00752556,11
3,test.0596,Formulas,0.00764387,11
3,test.0597,Formulas,0.00664081,11
3,test.0598,Formulas,0.00799885,11
3,test.0599,Formulas,0.00803454,11
3,test.0600,Formulas,0.00886747,11
3,test.0601,Formulas,0.02073048,11
3,test.0602,Formulas,0.01706712,11
3,test.0603,Formulas,0.01522007,11
3,test.0604,Formulas,0.01635444,11
3,test.0605,Formulas,0.01689392,11
3,test.0606,Formulas,0.0151348,11
3,test.0607,Formulas,0.01603376,11
3,test.0608,Formulas,0.01733488,11
3,test.0609,Formulas,0.01725068,11
3,test.0610,Formulas,0.01835115,11
3,test.0611,Formulas,0.01858315,11
3,test.0612,Formulas,0.01431204,11
3,test.0613,Formulas,0.0185138,11
3,test.0614,Formulas,0.016089,11
3,test.0615,Formulas,0.01648168,11
3,test.0616,Formulas,0.01626821,11
3,test.0617,Formulas,0.01473286,11
3,test.0618,Formulas,0.0156724,11
3,test.0619,Formulas,0.01574194,11
3,test.0620,Formulas,0.01529489,11
3,test.0621,Rules,0.01047007,11
3,test.0622,Rules,0.00969215,11
3,test.0623,Rules,0.01211622,11
3,test.0624,Rules,0.00936646,11
3,test.0625,Rules,0.01124184,11
3,test.0626,Rules,0.01070968,11
3,test.0627,Rules,0.00979165,11
3,test.0628,Rules,0.01105034,11
3,test.0629,Rules,0.0116676,11
3,test.0630,Rules,0.01049146,11
3,test.0631,Rules,0.01036312,11
3,test.0632,Rules,0.00918651,11
3,test.0633,Rules,0.00961302,11
3,test.0634,Rules,0.01049937,11
3,test.0635,Rules,0.01080313,11
3,test.0636,Rules,0.01125197,11
3,test.0637,Rules,0.01096708,11
3,test.0638,Rules,0.00974598,11
3,test.0639,Rules,0.01036897,11
3,test.0640,Rules,0.00914119,11
3,test.0641,Rules,0.01069465,11
3,test.0642,Rules,0.00953781,11
3,test.0643,Rules,0.01057235,11
3,test.0644,Rules,0.00954906,11
3,test.0645,Rules,0.00995275,11
3,test.0646,Rules,0.00920499,11
3,test.0647,Rules,0.01111439,11
3,test.0648,Rules,0.01059577,11
3,test.0649,Rules,0.01094494,11
3,test.0650,Rules,0.01030716,11
3,test.0651,Rules,0.01005129,11
3,test.0652,Rules,0.00855847,11
3,test.0653,Rules,0.01027834,11
3,test.0654,Rules,0.00984367,11
3,test.0655,Rules,0.00982846,11
3,test.0656,Rules,0.00975126,11
3,test.0657,Rules,0.01099422,11
3,test.0658,Rules,0.01162039,11
3,test.0659,Rules,0.00930882,11
3,test.0660,Rules,0.00839627,11
3,test.0661,Formulas,0.00654417,11
3,test.0662,Formulas,0.00693935,11
3,test.0663,Formulas,0.00663855,11
3,test.0664,Formulas,0.00668784,11
3,test.0665,Formulas,0.0065178,11
3,test.0666,Formulas,0.00737199,11
3,test.0667,Formulas,0.00671635,11
3,test.0668,Formulas,0.00669499,11
3,test.0669,Formulas,0.00702556,11
3,test.0670,Formulas,0.00669554,11
3,test.0671,Formulas,0.00661046,11
3,test.0672,Formulas,0.00688719,11
3,test.0673,Formulas,0.00671724,11
3,test.0674,Formulas,0.00666527,11
3,test.0675,Formulas,0.00695009,11
3,test.0676,Formulas,0.00692334,11
3,test.0677,Formulas,0.00757603,11
3,test.0678,Formulas,0.0069829,11
3,test.0679,Formulas,0.00805136,11
3,test.0680,Formulas,0.00652075,11
3,test.0681,Formulas,0.00616724,11
3,test.0682,Formulas,0.00640768,11
3,test.0683,Formulas,0.00609941,11
3,test.0684,Formulas,0.00622653,11
3,test.0685,Formulas,0.00833741,11
3,test.0686,Formulas,0.00639138,11
3,test.0687,Formulas,0.00639566,11
3,test.0688,Formulas,0.00661546,11
3,test.0689,Formulas,0.00636268,11
3,test.0690,Formulas,0.00628993,11
3,test.0691,Formulas,0.0061723,11
3,test.0692,Formulas,0.00633348,11
3,test.0693,Formulas,0.00626322,11
3,test.0694,Formulas,0.00598217,11
3,test.0695,Formulas,0.00638759,11
3,test.0696,Formulas,0.00644006,11
3,test.0697,Formulas,0.00672644,11
3,test.0698,Formulas,0.00666626,11
3,test.0699,Formulas,0.00655958,11
3,test.0700,Formulas,0.00617745,11
3,test.0701,Formulas,0.00605392,11
3,test.0702,Formulas,0.00582772,11
3,test.0703,Formulas,0.00646544,11
3,test.0704,Formulas,0.00579188,11
3,test.0705,Formulas,0.00613437,11
3,test.0706,Formulas,0.00645499,11
3,test.0707,Formulas,0.00603786,11
3,test.0708,Formulas,0.00599949,11
3,test.0709,Formulas,0.00577853,11
3,test.0710,Formulas,0.00595232,11
3,test.0711,Formulas,0.00603058,11
3,test.0712,Formulas,0.00593974,11
3,test.0713,Formulas,0.00615667,11
3,test.0714,Formulas,0.00664846,11
3,test.0715,Formulas,0.00600216,11
3,test.0716,Formulas,0.0060443,11
3,test.0717,Formulas,0.00645797,11
3,test.0718,Formulas,0.00592775,11
3,test.0719,Formulas,0.00562207,11
3,test.0720,Formulas,0.00615002,11
3,test.0721,Formulas,0.00666161,11
3,test.0722,Formulas,0.00612433,11
3,test.0723,Formulas,0.00651492,11
3,test.0724,Formulas,0.00636581,11
3,test.0725,Formulas,0.00651859,11
3,test.0726,Formulas,0.00632227,11
3,test.0727,Formulas,0.00645322,11
3,test.0728,Formulas,0.00682734,11
3,test.0729,Formulas,0.00638265,11
3,test.0730,Formulas,0.00666943,11
3,test.0731,Formulas,0.00645873,11
3,test.0732,Formulas,0.0058065,11
3,test.0733,Formulas,0.00639247,11
3,test.0734,Formulas,0.00636493,11
3,test.0735,Formulas,0.00626606,11
3,test.0736,Formulas,0.00649564,11
3,test.0737,Formulas,0.00624592,11
3,test.0738,Formulas,0.00632264,11
3,test.0739,Formulas,0.00641986,11
3,test.0740,Formulas,0.00677529,11
3,test.0741,Formulas,0.0095519,11
3,test.0742,Formulas,0.00893687,11
3,test.0743,Formulas,0.00799898,11
3,test.0744,Formulas,0.00833598,11
3,test.0745,Formulas,0.00802474,11
3,test.0746,Formulas,0.00823573,11
3,test.0747,Formulas,0.00805067,11
3,test.0748,Formulas,0.00910531,11
3,test.0749,Formulas,0.00775197,11
3,test.0750,Formulas,0.00774513,11
3,test.0751,Formulas,0.00832504,11
3,test.0752,Formulas,0.00859681,11
3,test.0753,Formulas,0.00804611,11
3,test.0754,Formulas,0.00766665,11
3,test.0755,Formulas,0.01024632,11
3,test.0756,Formulas,0.00807344,11
3,test.0757,Formulas,0.00827676,11
3,test.0758,Formulas,0.00722186,11
3,test.0759,Formulas,0.00788636,11
3,test.0760,Formulas,0.00724146,11
3,test.0761,Formulas,0.00958768,11
3,test.0762,Formulas,0.00972239,11
3,test.0763,Formulas,0.00892038,11
3,test.0764,Formulas,0.00972642,11
3,test.0765,Formulas,0.0098438,11
3,test.0766,Formulas,0.01130595,11
3,test.0767,Formulas,0.00978829,11
3,test.0768,Formulas,0.00885233,11
3,test.0769,Formulas,0.00892066,11
3,test.0770,Formulas,0.010874,11
3,test.0771,Formulas,0.00817012,11
3,test.0772,Formulas,0.01052272,11
3,test.0773,Formulas,0.00949438,11
3,test.0774,Formulas,0.00991328,11
3,test.0775,Formulas,0.00794557,11
3,test.0776,Formulas,0.00796363,11
3,test.0777,Formulas,0.01029453,11
3,test.0778,Formulas,0.01131889,11
3,test.0779,Formulas,0.01050385,11
3,test.0780,Formulas,0.01132269,11
3,test.0781,Formulas,0.00767205,11
3,test.0782,Formulas,0.0075783,11
3,test.0783,Formulas,0.00867801,11
3,test.0784,Formulas,0.01041606,11
3,test.0785,Formulas,0.00868926,11
3,test.0786,Formulas,0.00746025,11
3,test.0787,Formulas,0.00915917,11
3,test.0788,Formulas,0.00703167,12
3,test.0789,Formulas,0.01025797,11
3,test.0790,Formulas,0.00781765,11
3,test.0791,Formulas,0.00739603,11
3,test.0792,Formulas,0.00913544,11
3,test.0793,Formulas,0.00956809,11
3,test.0794,Formulas,0.00950965,11
3,test.0795,Formulas,0.00917739,11
3,test.0796,Formulas,0.00956747,11
3,test.0797,Formulas,0.00878775,11
3,test.0798,Formulas,0.00861792,11
3,test.0799,Formulas,0.01079982,11
3,test.0800,Formulas,0.00671978,11
3,test.0801,Formulas,0.01043625,11
3,test.0802,Formulas,0.00870687,11
3,test.0803,Formulas,0.00726367,11
3,test.0804,Formulas,0.00796024,11
3,test.0805,Formulas,0.00862527,11
3,test.0806,Formulas,0.00897108,11
3,test.0807,Formulas,0.00964374,11
3,test.0808,Formulas,0.00869876,11
3,test.0809,Formulas,0.00881395,11
3,test.0810,Formulas,0.00818657,11
3,test.0811,Formulas,0.00902617,11
3,test.0812,Formulas,0.00996343,11
3,test.0813,Formulas,0.00979039,11
3,test.0814,Formulas,0.00804702,11
3,test.0815,Formulas,0.00865203,11
3,test.0816,Formulas,0.01034875,14
3,test.0817,Formulas,0.00854663,11
3,test.0818,Formulas,0.00922519,11
3,test.0819,Formulas,0.00838712,11
3,test.0820,Formulas,0.00897822,11
3,test.0821,Formulas,0.00895268,11
3,test.0822,Formulas,0.00965528,11
3,test.0823,Formulas,0.00846139,11
3,test.0824,Formulas,0.00740252,11
3,test.0825,Formulas,0.0084111,11
3,test.0826,Formulas,0.00922246,11
3,test.0827,Formulas,0.00912821,11
3,test.0828,Formulas,0.00848181,11
3,test.0829,Formulas,0.00880771,11
3,test.0830,Formulas,0.01083858,11
3,test.0831,Formulas,0.00842522,11
3,test.0832,Formulas,0.00864284,11
3,test.0833,Formulas,0.01089073,11
3,test.0834,Formulas,0.00960575,11
3,test.0835,Formulas,0.00800197,11
3,test.0836,Formulas,0.00928854,11
3,test.0837,Formulas,0.00863955,11
3,test.0838,Formulas,0.00880609,11
3,test.0839,Formulas,0.00814766,11
3,test.0840,Formulas,0.01031472,11
3,test.0841,Formulas,0.01077559,11
3,test.0842,Formulas,0.01057073,11
3,test.0843,Formulas,0.01083886,11
3,test.0844,Formulas,0.01006452,11
3,test.0845,Formulas,0.0086127,11
3,test.0846,Formulas,0.01042983,11
3,test.0847,Formulas,0.00985501,11
3,test.0848,Formulas,0.01027253,11
3,test.0849,Formulas,0.01067342,11
3,test.0850,Formulas,0.01032743,11
3,test.0851,Formulas,0.00977388,11
3,test.0852,Formulas,0.00947483,11
3,test.0853,Formulas,0.00933771,11
3,test.0854,Formulas,0.01040491,11
3,test.0855,Formulas,0.01018996,11
3,test.0856,Formulas,0.01078034,11
3,test.0857,Formulas,0.00917701,11
3,test.0858,Formulas,0.00891639,11
3,test.0859,Formulas,0.01081098,11
3,test.0860,Formulas,0.01027513,11
3,test.0861,Formulas,0.01119392,11
3,test.0862,Formulas,0.00881358,11
3,test.0863,Formulas,0.00950579,11
3,test.0864,Formulas,0.01087477,11
3,test.0865,Formulas,0.01033653,11
3,test.0866,Formulas,0.01060772,11
3,test.0867,Formulas,0.00951387,11
3,test.0868,Formulas,0.00999387,11
3,test.0869,Formulas,0.00981484,11
3,test.0870,Formulas,0.00897761,11
3,test.0871,Formulas,0.00983067,11
3,test.0872,Formulas,0.01163559,11
3,test.0873,Formulas,0.00975261,11
3,test.0874,Formulas,0.01108284,11
3,test.0875,Formulas,0.01259581,11
3,test.0876,Formulas,0.01124594,11
3,test.0877,Formulas,0.00990704,11
3,test.0878,Formulas,0.01219491,11
3,test.0879,Formulas,0.01057044,11
3,test.0880,Formulas,0.0110491,11
3,test.0881,Rules,0.01481216,11
3,test.0882,Rules,0.0154978,11
3,test.0883,Rules,0.0167944,11
3,test.0884,Rules,0.01461176,11
3,test.0885,Rules,0.0146175,11
3,test.0886,Rules,0.01543785,11
3,test.0887,Rules,0.01526296,11
3,test.0888,Rules,0.01475834,11
3,test.0889,Rules,0.01458625,11
3,test.0890,Rules,0.01672954,11
3,test.0891,Rules,0.01555536,11
3,test.0892,Rules,0.01688139,11
3,test.0893,Rules,0.01540587,11
3,test.0894,Rules,0.0152808,11
3,test.0895,Rules,0.01655703,11
3,test.0896,Rules,0.01530595,11
3,test.0897,Rules,0.01390159,11
3,test.0898,Rules,0.01616402,11
3,test.0899,Rules,0.01628906,11
3,test.0900,Rules,0.01598314,11
3,test.0901,Rules,0.0097089,11
3,test.0902,Rules,0.00873095,11
3,test.0903,Rules,0.0104435,11
3,test.0904,Rules,0.01122136,11
3,test.0905,Rules,0.00952404,11
3,test.0906,Rules,0.00921885,11
3,test.0907,Rules,0.00948594,11
3,test.0908,Rules,0.00923283,11
3,test.0909,Rules,0.00842786,11
3,test.0910,Rules,0.00931313,11
3,test.0911,Rules,0.01056534,11
3,test.0912,Rules,0.01003491,11
3,test.0913,Rules,0.00903555,11
3,test.0914,Rules,0.00896495,11
3,test.0915,Rules,0.01144252,11
3,test.0916,Rules,0.01002463,11
3,test.0917,Rules,0.0098768,11
3,test.0918,Rules,0.00893331,11
3,test.0919,Rules,0.00908551,11
3,test.0920,Rules,0.01280323,11
3,test.0921,Rules,0.02318756,11
3,test.0922,Rules,0.0204694,11
3,test.0923,Rules,0.02210465,11
3,test.0924,Rules,0.01949093,11
3,test.0925,Rules,0.02251785,11
3,test.0926,Rules,0.02259088,11
3,test.0927,Rules,0.0229478,11
3,test.0928,Rules,0.02057584,11
3,test.0929,Rules,0.02192711,11
3,test.0930,Rules,0.02444524,11
3,test.0931,Rules,0.0222575,11
3,test.0932,Rules,0.02044789,11
3,test.0933,Rules,0.02323044,11
3,test.0934,Rules,0.02359317,11
3,test.0935,Rules,0.02294219,11
3,test.0936,Rules,0.0249023,11
3,test.0937,Rules,0.02279415,11
3,test.0938,Rules,0.02442841,11
3,test.0939,Rules,0.02341797,11
3,test.0940,Rules,0.02126239,11
3,test.0941,Rules,0.01431296,11
3,test.0942,Rules,0.01693117,11
3,test.0943,Rules,0.01573878,11
3,test.0944,Rules,0.01744022,11
3,test.0945,Rules,0.01787172,11
3,test.0946,Rules,0.01617816,11
3,test.0947,Rules,0.01716294,11
3,test.0948,Rules,0.01583646,11
3,test.0949,Rules,0.01519882,11
3,test.0950,Rules,0.01730269,11
3,test.0951,Rules,0.01492211,11
3,test.0952,Rules,0.01735447,11
3,test.0953,Rules,0.01675094,11
3,test.0954,Rules,0.0172496,11
3,test.0955,Rules,0.0176391,11
3,test.0956,Rules,0.01450141,11
3,test.0957,Rules,0.01468222,11
3,test.0958,Rules,0.01644098,11
3,test.0959,Rules,0.01787251,11
3,test.0960,Rules,0.01770903,11
3,test.0961,Rules,0.01229881,11
3,test.0962,Rules,0.01430468,11
3,test.0963,Rules,0.01466874,11
3,test.0964,Rules,0.01386461,11
3,test.0965,Rules,0.0135017,11
3,test.0966,Rules,0.01266339,11
3,test.0967,Rules,0.02490484,22
3,test.0968,Rules,0.01327485,11
3,test.0969,Rules,0.01406375,11
3,test.0970,Rules,0.01391061,11
3,test.0971,Rules,0.01295536,11
3,test.0972,Rules,0.0124443,11
3,test.0973,Rules,0.01458187,11
3,test.0974,Rules,0.01432708,11
3,test.0975,Rules,0.01302968,11
3,test.0976,Rules,0.0131563,11
3,test.0977,Rules,0.01290877,11
3,test.0978,Rules,0.01199494,11
3,test.0979,Rules,0.01364403,11
3,test.0980,Rules,0.01370287,11
3,test.1001,Formulas,0.00708489,11
3,test.1002,Formulas,0.00676305,11
3,test.1003,Formulas,0.00804019,11
3,test.1004,Formulas,0.00744495,11
3,test.1005,Formulas,0.00659837,11
3,test.1006,Formulas,0.00817518,11
3,test.1007,Formulas,0.01055977,11
3,test.1008,Formulas,0.00941764,11
3,test.1009,Formulas,0.00731297,11
3,test.1010,Formulas,0.00770071,11
3,test.1011,Formulas,0.00796173,11
3,test.1012,Formulas,0.00686005,11
3,test.1013,Formulas,0.00956393,11
3,test.1014,Formulas,0.00668558,11
3,test.1015,Formulas,0.00764506,11
3,test.1016,Formulas,0.00802279,11
3,test.1017,Formulas,0.00814346,11
3,test.1018,Formulas,0.00689414,11
3,test.1019,Formulas,0.00729407,11
3,test.1020,Formulas,0.00724857,11
3,test.1021,Formulas,0.00600032,11
3,test.1022,Formulas,0.00619768,11
3,test.1023,Formulas,0.00602232,11
3,test.1024,Formulas,0.0057535,11
3,test.1025,Formulas,0.00561458,11
3,test.1026,Formulas,0.0062167,11
3,test.1027,Formulas,0.00574153,11
3,test.1028,Formulas,0.00617553,11
3,test.1029,Formulas,0.00573052,11
3,test.1030,Formulas,0.00627217,11
3,test.1031,Formulas,0.00589973,11
3,test.1032,Formulas,0.00584565,11
3,test.1033,Formulas,0.00574909,11
3,test.1034,Formulas,0.0108558,11
3,test.1035,Formulas,0.00622987,11
3,test.1036,Formulas,0.00620909,11
3,test.1037,Formulas,0.00591215,11
3,test.1038,Formulas,0.00570713,11
3,test.1039,Formulas,0.0055801,11
3,test.1040,Formulas,0.00584768,11
3,test.1041,Formulas,0.00838011,11
3,test.1042,Formulas,0.01107407,11
3,test.1043,Formulas,0.01054097,11
3,test.1044,Formulas,0.00812164,11
3,test.1045,Formulas,0.0125089,11
3,test.1046,Formulas,0.00665047,11
3,test.1047,Formulas,0.00917379,11
3,test.1048,Formulas,0.00710751,11
3,test.1049,Formulas,0.00939427,11
3,test.1050,Formulas,0.01316862,11
3,test.1051,Formulas,0.00716315,11
3,test.1052,Formulas,0.00727348,11
3,test.1053,Formulas,0.00942967,11
3,test.1054,Formulas,0.00597312,11
3,test.1055,Formulas,0.00656555,11
3,test.1056,Formulas,0.00774836,11
3,test.1057,Formulas,0.00738003,11
3,test.1058,Formulas,0.00774596,11
3,test.1059,Formulas,0.00724868,11
3,test.1060,Formulas,0.01129458,11
